# Blender 5.1.1
# www.blender.org
mtllib GUMDUM.mtl
o オオトリ装備
v 0.196535 1.468085 0.266323
v 0.252726 1.535568 0.280024
v 0.147464 1.518228 0.220594
v 0.203655 1.585711 0.234294
v 0.304960 1.418522 0.065763
v 0.361150 1.486004 0.079464
v 0.274999 1.449137 0.037843
v 0.331190 1.516620 0.051544
v 0.277024 1.428360 0.026331
v 0.353788 1.520551 0.045047
v 0.317200 1.418782 -0.091268
v 0.443147 1.275994 0.095494
v 0.483323 1.266416 -0.022105
v 0.560087 1.358606 -0.003389
v 0.467656 1.292663 0.096304
v 0.522724 1.358799 0.109731
v 0.503200 1.284189 -0.007739
v 0.558269 1.350325 0.005688
v 0.591684 1.295550 0.138441
v 0.627229 1.287076 0.034399
v 0.311640 1.419369 0.111470
v 0.352767 1.468761 0.121498
v 0.402945 1.367128 -0.005690
v 0.444073 1.416520 0.004338
v 0.250231 1.482121 0.054243
v 0.291358 1.531513 0.064270
v 0.329346 1.442337 -0.074278
v 0.370473 1.491729 -0.064250
v 0.332117 1.409071 0.078206
v 0.361574 1.387932 0.061517
v 0.402701 1.437324 0.071544
v 0.373244 1.458464 0.088234
v 0.404701 1.338527 -0.054838
v 0.481465 1.430717 -0.036122
v 0.342745 1.402199 -0.114358
v 0.399329 1.350301 -0.090800
v 0.248549 1.467397 0.056383
v 0.304740 1.534880 0.070084
v 0.297620 1.417253 0.102113
v 0.353811 1.484736 0.115814
v 0.573232 1.232009 0.137313
v 0.515708 1.204305 0.119917
v 0.608776 1.223536 0.033270
v 0.551252 1.195832 0.015874
v 0.393964 1.510973 -0.072552
v 0.519911 1.368184 0.114210
v 0.419509 1.494389 -0.095641
v 0.476093 1.442491 -0.072083
v 0.226557 1.396012 0.209183
v 0.203439 1.526220 0.363060
v 0.369727 1.597481 0.244909
v 0.276917 1.592166 0.344656
v 0.343423 1.500899 0.179910
v 0.195241 1.457669 0.305084
v 0.339248 1.519582 0.202961
v 0.214099 1.406819 0.198166
v 0.190981 1.537027 0.352044
v 0.357269 1.608288 0.233893
v 0.264458 1.602973 0.333640
v 0.330965 1.511706 0.168894
v 0.182782 1.468476 0.294068
v 0.188203 1.513802 0.332401
v 0.326790 1.530389 0.191945
v 0.262262 1.446596 0.254178
v 0.335656 1.512466 0.235795
v 0.350179 1.607874 0.241505
v 0.312165 1.650073 0.325893
v 0.286264 1.601815 0.307844
v 0.235437 1.458557 0.296250
v 0.240887 1.497827 0.328609
v 0.310407 1.560220 0.311196
v 0.338735 1.647935 0.293747
v 0.312834 1.599677 0.275698
v 0.121088 1.597655 0.290241
v 0.112889 1.529104 0.232266
v 0.133546 1.586848 0.301257
v 0.130769 1.563622 0.281615
v 0.281300 1.697756 0.242961
v 0.255399 1.649498 0.224912
v 0.280286 1.668502 0.179703
v 0.339896 1.615164 0.331746
v 0.375534 1.612296 0.288629
v 0.362637 1.597067 0.252521
v 0.331647 1.519530 0.211506
v 0.246412 1.443032 0.232855
v 0.210690 1.458961 0.288878
v 0.217847 1.510519 0.331364
v 0.290537 1.575759 0.313157
v 0.298722 1.591008 0.318860
v 0.377763 1.634990 0.272617
v 0.324623 1.639266 0.336909
v 0.207024 1.652793 0.282853
v 0.144206 1.467446 0.136364
v 0.287376 1.668915 0.172091
v 0.194565 1.663600 0.271837
v 0.261072 1.572333 0.107092
v 0.256896 1.591017 0.130142
v 0.156664 1.456640 0.147380
v 0.299834 1.658108 0.183107
v 0.273530 1.561527 0.118108
v 0.125348 1.518297 0.243282
v 0.269355 1.580210 0.141158
v 0.154962 1.539672 0.159299
v 0.228355 1.605542 0.140916
v 0.292744 1.657695 0.190719
v 0.254730 1.699894 0.275107
v 0.228829 1.651636 0.257058
v 0.128136 1.551633 0.201371
v 0.133587 1.590903 0.233730
v 0.203106 1.653296 0.216317
v 0.232595 1.708240 0.236866
v 0.268233 1.705372 0.193750
v 0.249295 1.590965 0.138687
v 0.164061 1.514467 0.160036
v 0.128339 1.530395 0.216060
v 0.135495 1.581953 0.258545
v 0.208186 1.647193 0.240338
v 0.216370 1.662442 0.246041
v 0.295412 1.706424 0.199799
v 0.242271 1.710701 0.264091
v -0.178039 1.352583 0.371086
v -0.234860 1.410999 0.406556
v -0.143316 1.413866 0.325784
v -0.200136 1.472282 0.361254
v -0.321999 1.322539 0.189951
v -0.378819 1.380955 0.225421
v -0.300799 1.359956 0.162293
v -0.357619 1.418371 0.197763
v -0.304763 1.338199 0.151004
v -0.382388 1.418002 0.199461
v -0.363363 1.347744 0.041412
v -0.448232 1.161414 0.212322
v -0.506832 1.170959 0.102730
v -0.584456 1.250762 0.151187
v -0.473160 1.175400 0.220211
v -0.528846 1.232649 0.254972
v -0.525004 1.183844 0.123252
v -0.580690 1.241093 0.158014
v -0.588401 1.159263 0.280426
v -0.640246 1.167708 0.183468
v -0.319055 1.315829 0.235567
v -0.360644 1.358585 0.261529
v -0.428752 1.272456 0.131271
v -0.470341 1.315211 0.157233
v -0.275601 1.392521 0.178875
v -0.317190 1.435276 0.204836
v -0.376672 1.364371 0.063325
v -0.418260 1.407127 0.089286
v -0.345215 1.308543 0.205660
v -0.375900 1.287176 0.191695
v -0.417488 1.329931 0.217656
v -0.386804 1.351299 0.231621
v -0.438932 1.254626 0.073710
v -0.516556 1.334429 0.122167
v -0.391426 1.333689 0.019603
v -0.440293 1.273474 0.040489
v -0.272454 1.377900 0.178146
v -0.329274 1.436316 0.213616
v -0.307177 1.316617 0.223448
v -0.363998 1.375033 0.258918
v -0.566859 1.098982 0.263657
v -0.511574 1.080280 0.232467
v -0.618704 1.107426 0.166699
v -0.563418 1.088724 0.135508
v -0.440987 1.427547 0.089869
v -0.525856 1.241217 0.260778
v -0.469051 1.413492 0.068060
v -0.517918 1.353277 0.088946
v -0.153138 1.318393 0.274740
v -0.167301 1.367206 0.471168
v -0.369152 1.349597 0.396098
v -0.266877 1.370827 0.483737
v -0.311514 1.324153 0.294732
v -0.137749 1.346553 0.388537
v -0.312615 1.331370 0.323792
v -0.153040 1.337642 0.269964
v -0.167204 1.386455 0.466391
v -0.369055 1.368846 0.391322
v -0.266780 1.390076 0.478960
v -0.311416 1.343402 0.289955
v -0.137652 1.365802 0.383761
v -0.157192 1.379457 0.438396
v -0.312518 1.350619 0.319016
v -0.361240 1.370465 0.398006
v -0.332722 1.393845 0.492808
v -0.290084 1.384292 0.455176
v -0.360899 1.386556 0.462860
v -0.318260 1.377003 0.425228
v -0.166659 1.494445 0.439595
v -0.137107 1.473792 0.356964
v -0.166756 1.475196 0.444371
v -0.156744 1.468199 0.416375
v -0.360695 1.478455 0.371210
v -0.388531 1.487257 0.406117
v -0.361337 1.351216 0.402783
v -0.304354 1.333235 0.331478
v -0.188845 1.329034 0.316898
v -0.154897 1.343153 0.374488
v -0.178197 1.358441 0.435626
v -0.276707 1.362024 0.448061
v -0.290181 1.365043 0.459952
v -0.389173 1.360018 0.437689
v -0.152593 1.426384 0.247944
v -0.137204 1.454543 0.361741
v -0.360451 1.475297 0.440840
v -0.317813 1.465744 0.403208
v -0.152496 1.445633 0.243167
v -0.368510 1.476836 0.364525
v -0.266235 1.498067 0.452164
v -0.310872 1.451392 0.263159
v -0.311973 1.458609 0.292219
v -0.368607 1.457587 0.369302
v -0.266332 1.478817 0.456940
v -0.310969 1.432143 0.267935
v -0.312070 1.439360 0.296996
v -0.360792 1.459206 0.375986
v -0.332275 1.482586 0.470788
v -0.289636 1.473033 0.433155
v -0.303712 1.460474 0.299905
v -0.188203 1.456274 0.285325
v -0.154255 1.470393 0.342915
v -0.177555 1.485681 0.404053
v -0.276066 1.489263 0.416488
v -0.289539 1.492282 0.428379
v -0.332177 1.501835 0.466012
v -0.196939 1.313684 0.337330
v -0.296401 1.317301 0.349885
v -0.171445 1.324287 0.380578
v -0.189191 1.335931 0.427144
v -0.283404 1.339357 0.439036
v -0.331950 1.350234 0.481882
v -0.369743 1.340457 0.441714
v -0.332819 1.374596 0.497585
v -0.196102 1.479471 0.296192
v -0.295565 1.483089 0.308747
v -0.170608 1.490074 0.339440
v -0.188355 1.501719 0.386006
v -0.282568 1.505145 0.397898
v -0.331113 1.516021 0.440744
v -0.368906 1.506245 0.400576
v 0.187229 1.067077 0.123622
v 0.140901 1.028942 0.139505
v 0.067008 1.066258 0.093238
v 0.265943 0.807626 0.067916
v 0.061286 1.025333 -0.021706
v 0.143768 1.129443 0.066921
v 0.348579 0.875647 0.039584
v 0.138046 1.088517 -0.048024
v 0.357943 0.568310 -0.258913
v 0.438665 0.725411 -0.051957
v 0.432710 0.629854 -0.284547
v 0.351896 0.832013 -0.062298
v 0.277409 0.792213 -0.303463
v 0.219545 0.744583 -0.283624
v 0.434935 0.353048 -0.552750
v 0.509098 0.414094 -0.578177
v 0.188331 0.955266 0.163376
v 0.284004 0.828550 0.170829
v 0.258502 1.013026 0.139318
v 0.366639 0.896571 0.142497
v 0.217881 0.941697 0.196815
v 0.280346 0.993115 0.175399
v 0.194294 0.882214 0.022630
v 0.203926 0.862085 0.051613
v 0.271054 0.945398 -0.003688
v 0.299486 0.940744 0.018851
v 0.475667 0.801532 0.135758
v 0.456679 0.724899 -0.000643
v 0.349706 0.855153 -0.013129
v 0.413406 0.874418 0.129150
v 0.417336 0.643872 0.041237
v 0.397838 0.688283 0.189558
v 0.489439 0.763683 0.158153
v 0.471286 0.688281 0.022741
v 0.475288 0.632503 0.182973
v 0.474462 0.706155 0.357391
v 0.528412 0.750564 0.338894
v 0.529239 0.676912 0.164476
v 0.393464 0.744372 0.212864
v 0.447401 0.788770 0.194371
v 0.233433 0.916569 0.159520
v 0.287369 0.960967 0.141027
v 0.227341 0.873000 0.037148
v 0.281278 0.917397 0.018656
v 0.351734 0.720632 0.034153
v 0.405671 0.765030 0.015661
v 0.386931 0.697641 0.081611
v 0.440868 0.742038 0.063119
v 0.454259 0.836757 0.027402
v 0.386617 0.700141 0.227442
v 0.126051 0.749445 -0.473875
v 0.210948 0.819327 -0.502982
v 0.198393 0.586442 -0.489434
v 0.346237 0.708139 -0.540122
v 0.231165 0.728111 -0.323683
v 0.275886 0.764923 -0.339015
v 0.416201 0.635845 0.009629
v 0.250249 0.822778 -0.006331
v 0.292983 0.809754 0.217505
v 0.379420 0.648533 -0.067191
v 0.494315 0.788792 0.190518
v 0.466703 0.677415 -0.007686
v 0.308113 0.870408 -0.026170
v 0.400681 0.898405 0.180580
v 0.429922 0.690103 -0.084506
v 0.362308 0.618191 -0.172308
v 0.258077 0.758347 -0.138191
v 0.419548 0.665308 -0.191933
v 0.315941 0.805977 -0.158030
v 0.238537 0.815500 -0.057966
v 0.296401 0.863130 -0.077805
v 0.234123 0.654595 -0.293703
v 0.268370 0.614213 -0.289938
v 0.354422 0.753618 -0.334948
v 0.388985 0.713497 -0.331291
v 0.402474 0.742936 -0.133336
v 0.368926 0.783877 -0.137328
v 0.426382 0.805589 -0.053408
v 0.367014 0.690029 -0.364032
v 0.279894 0.618316 -0.334162
v 0.394871 0.639734 -0.370541
v 0.320353 0.578395 -0.344992
v 0.187229 1.067077 0.123622
v 0.140901 1.028942 0.139505
v 0.067008 1.066258 0.093238
v 0.265943 0.807626 0.067916
v 0.061286 1.025333 -0.021706
v 0.143768 1.129443 0.066921
v 0.348579 0.875647 0.039584
v 0.138046 1.088517 -0.048024
v 0.188331 0.955266 0.163376
v 0.284004 0.828550 0.170829
v 0.258502 1.013026 0.139318
v 0.366639 0.896571 0.142497
v 0.217881 0.941697 0.196815
v 0.280346 0.993115 0.175399
v 0.194294 0.882214 0.022630
v 0.203926 0.862085 0.051613
v 0.271054 0.945398 -0.003688
v 0.299486 0.940744 0.018851
v 0.241043 1.048151 0.036117
v 0.118690 0.947438 0.078065
v 0.179178 0.889154 0.095806
v 0.294367 0.983971 0.056313
v 0.358474 0.659402 -0.024464
v 0.266663 0.761854 -0.033076
v 0.356144 0.703148 0.176736
v 0.376489 0.658890 0.026850
v 0.264473 0.784994 0.016094
v 0.293883 0.776034 0.170128
v 0.284894 0.697344 0.085469
v 0.315447 0.671300 -0.103499
v 0.280205 0.710847 -0.106909
v 0.285791 0.689862 -0.005206
v 0.373242 0.517072 -0.253542
v 0.480006 0.604954 -0.290146
v 0.277676 0.596117 -0.282246
v 0.407457 0.702945 -0.326742
v 0.221344 0.669351 -0.239374
v 0.363100 0.786037 -0.287975
v 0.373027 0.477064 -0.343799
v 0.482244 0.566966 -0.381244
v 0.246503 0.581784 -0.381648
v 0.386189 0.696767 -0.429540
v 0.172731 0.691239 -0.295096
v 0.327291 0.818464 -0.348087
v -0.144363 0.976670 0.156735
v -0.095253 0.949423 0.130302
v -0.047636 1.023317 0.094725
v -0.236566 0.779119 -0.013811
v -0.089796 1.054380 -0.015626
v -0.129005 1.068462 0.138521
v -0.324163 0.827720 0.033336
v -0.171165 1.099525 0.028169
v -0.517899 0.314690 -0.045381
v -0.458345 0.559973 0.056192
v -0.597154 0.358664 -0.002723
v -0.476846 0.641000 -0.053773
v -0.617997 0.479102 -0.192188
v -0.556659 0.445070 -0.225202
v -0.760585 -0.009075 -0.161577
v -0.839200 0.034543 -0.119263
v -0.127752 0.865369 0.119058
v -0.210433 0.735415 0.079794
v -0.202136 0.906639 0.159094
v -0.298030 0.784016 0.126942
v -0.140600 0.828802 0.145003
v -0.206816 0.865540 0.180643
v -0.190948 0.881726 -0.025582
v -0.187468 0.847433 -0.013340
v -0.272316 0.926871 0.018214
v -0.288764 0.903635 0.041181
v -0.359553 0.723459 0.133088
v -0.425255 0.586850 0.089965
v -0.447338 0.685875 -0.045208
v -0.370590 0.778924 0.055408
v -0.339595 0.536556 0.089937
v -0.233863 0.649411 0.110815
v -0.330963 0.703285 0.163078
v -0.396784 0.568286 0.120718
v -0.247270 0.602737 0.193247
v -0.141812 0.755100 0.232120
v -0.199001 0.786830 0.262901
v -0.304460 0.634467 0.224028
v -0.348875 0.648927 0.126582
v -0.227172 0.856659 0.138560
v -0.272057 0.889730 0.021079
v -0.384950 0.737555 -0.031804
v -0.397017 0.684397 0.000574
v -0.451610 0.696936 0.067804
v -0.204433 0.678315 0.110374
v -0.625736 0.429886 -0.380417
v -0.715730 0.479817 -0.331979
v -0.636551 0.260153 -0.324569
v -0.793271 0.347105 -0.240217
v -0.564903 0.431817 -0.206182
v -0.612309 0.458119 -0.180667
v -0.360516 0.513429 0.080331
v -0.385380 0.655823 -0.124229
v -0.221032 0.761729 -0.006450
v -0.411163 0.482839 0.017766
v -0.318597 0.741657 0.171821
v -0.414050 0.543131 0.109144
v -0.446718 0.689855 -0.091214
v -0.335196 0.825070 0.054997
v -0.464696 0.512541 0.046580
v -0.473457 0.402029 -0.025271
v -0.464292 0.533556 -0.144805
v -0.534134 0.435694 0.007388
v -0.525630 0.567588 -0.111791
v -0.417952 0.622471 -0.150365
v -0.479290 0.656503 -0.117351
v -0.530967 0.363632 -0.191739
v -0.524664 0.332942 -0.148890
v -0.658488 0.434384 -0.123103
v -0.652520 0.403880 -0.080073
v -0.514984 0.531231 -0.008656
v -0.522010 0.562325 -0.051098
v -0.489772 0.627234 0.023485
v -0.664539 0.368727 -0.118857
v -0.572188 0.317488 -0.168564
v -0.672395 0.315265 -0.098169
v -0.593403 0.271438 -0.140685
v -0.144363 0.976670 0.156735
v -0.095253 0.949423 0.130302
v -0.047636 1.023317 0.094725
v -0.236566 0.779119 -0.013811
v -0.089796 1.054380 -0.015626
v -0.129005 1.068462 0.138521
v -0.324163 0.827720 0.033336
v -0.171165 1.099525 0.028169
v -0.127752 0.865369 0.119058
v -0.210433 0.735415 0.079794
v -0.202136 0.906639 0.159094
v -0.298030 0.784016 0.126942
v -0.140600 0.828802 0.145003
v -0.206816 0.865540 0.180643
v -0.190948 0.881726 -0.025582
v -0.187468 0.847433 -0.013340
v -0.272316 0.926871 0.018214
v -0.288764 0.903635 0.041181
v -0.229484 0.995189 0.099093
v -0.099786 0.923229 0.029285
v -0.146859 0.851467 0.027069
v -0.268964 0.919214 0.092790
v -0.291700 0.617205 0.095808
v -0.169997 0.824937 0.107787
v -0.214882 0.858007 -0.009695
v -0.327775 0.705833 -0.062577
v -0.339842 0.652675 -0.030200
v -0.373340 0.512810 0.010439
v -0.386496 0.590871 -0.102403
v -0.232854 0.653163 0.064895
v -0.340250 0.539687 0.044212
v -0.356988 0.635746 -0.093838
v -0.243892 0.708628 -0.012786
v -0.272077 0.597325 -0.028828
v -0.422732 0.480047 -0.058310
v -0.427962 0.510145 -0.101718
v -0.340741 0.544548 -0.056729
v -0.537182 0.227415 -0.041578
v -0.650356 0.290207 0.019336
v -0.524962 0.308651 -0.138822
v -0.662534 0.384980 -0.064776
v -0.478622 0.396352 -0.161969
v -0.628888 0.479724 -0.081090
v -0.596189 0.167539 -0.093347
v -0.711964 0.231774 -0.031033
v -0.579909 0.275193 -0.222005
v -0.727982 0.357348 -0.142306
v -0.499320 0.410293 -0.234938
v -0.663159 0.501195 -0.146754
v 0.089937 1.155452 0.178018
v 0.101781 0.853195 0.220393
v 0.168094 0.888327 0.203972
v 0.229451 0.997965 0.177452
v 0.161807 1.153263 0.166135
v 0.126138 1.226472 0.041010
v 0.149322 1.176267 0.135837
v 0.353165 1.033404 -0.116713
v 0.376349 0.983199 -0.021887
v 0.181437 1.288953 0.060570
v 0.204621 1.238748 0.155397
v 0.222039 1.114427 0.085318
v 0.198855 1.164632 -0.009509
v 0.186688 1.089964 -0.089825
v 0.357154 1.094038 -0.085587
v 0.201009 1.238494 0.029070
v 0.380338 1.043833 0.009240
v 0.224193 1.188289 0.123897
v 0.151448 1.213861 -0.009002
v 0.100733 1.074587 0.188060
v 0.076012 1.046205 0.196426
v 0.105417 1.078638 0.215642
v 0.080696 1.050256 0.224008
v 0.096672 1.144138 0.207508
v 0.156528 1.142315 0.197611
v 0.102749 0.885077 0.244519
v 0.153659 0.912048 0.231913
v 0.211673 1.015713 0.206838
v 0.026717 1.009745 -0.093185
v 0.092678 0.962651 -0.134245
v 0.024094 1.239903 0.029312
v 0.139157 1.252662 0.007935
v 0.017084 1.255093 0.000645
v 0.156948 1.106733 -0.112098
v 0.082346 1.005703 -0.147348
v 0.019414 1.050635 -0.108173
v 0.110585 1.265439 -0.016738
v 0.188186 1.134303 0.141265
v -0.057351 1.146711 0.211186
v -0.015092 0.861322 0.110873
v -0.086362 0.880026 0.132601
v -0.166052 0.969513 0.178754
v -0.127416 1.129301 0.221137
v -0.154124 1.197016 0.093936
v -0.130940 1.146811 0.188763
v -0.364173 0.946146 0.012470
v -0.340989 0.895941 0.107296
v -0.213621 1.244316 0.133525
v -0.190437 1.194111 0.228351
v -0.198219 1.066458 0.162669
v -0.221403 1.116663 0.067842
v -0.227069 1.044281 -0.012852
v -0.372736 1.005120 0.045786
v -0.229157 1.189214 0.108150
v -0.349552 0.954914 0.140613
v -0.205973 1.139009 0.202976
v -0.190589 1.176235 0.054702
v -0.053523 1.068728 0.185483
v -0.024230 1.047451 0.172221
v -0.047692 1.060328 0.211838
v -0.018399 1.039051 0.198576
v -0.050793 1.123494 0.232657
v -0.109146 1.108994 0.240945
v -0.010579 0.879760 0.146074
v -0.065294 0.894119 0.162755
v -0.140642 0.978732 0.206393
v -0.065674 0.999544 -0.075997
v -0.130397 0.938021 -0.092746
v -0.068297 1.229703 0.046499
v -0.183361 1.217053 0.067934
v -0.075307 1.244892 0.017832
v -0.211442 1.066059 -0.043565
v -0.134728 0.981736 -0.106965
v -0.072977 1.040434 -0.090986
v -0.168808 1.234591 0.035239
v -0.153850 1.096678 0.204969
v -0.125578 1.109914 0.207884
v 0.120221 1.223007 0.000655
v -0.163697 1.222557 0.069832
v -0.015591 0.895050 0.107280
v 0.067401 0.904213 0.091841
v -0.018351 1.137230 0.236175
v 0.064641 1.146393 0.220736
v 0.016995 0.990675 0.244988
v 0.066504 0.996142 0.235778
v 0.016260 1.055137 0.279296
v 0.065769 1.060603 0.270086
v -0.069776 1.017260 -0.111456
v 0.013216 1.026423 -0.126896
v -0.072413 1.248652 0.011697
v 0.010579 1.257815 -0.003743
v -0.058187 0.992163 -0.064054
v 0.024805 1.001326 -0.079493
v -0.060824 1.223555 0.059099
v 0.022168 1.232718 0.043660
v -0.002461 1.210296 -0.102039
v -0.085453 1.201133 -0.086600
v 0.058275 0.958347 0.235543
v 0.032377 0.955488 0.240361
v 0.059177 0.865985 0.090927
v -0.000363 0.859412 0.102004
v 0.062846 1.040187 0.185696
v 0.096030 1.079615 0.181598
v 0.095383 1.136373 0.211806
v 0.061872 1.125673 0.231194
v 0.053842 1.059685 0.148867
v 0.090102 1.092453 0.157350
v 0.089455 1.149211 0.187559
v 0.052868 1.145171 0.194365
v -0.022499 0.910011 0.079023
v 0.060493 0.919174 0.063584
v -0.025259 1.152191 0.207918
v 0.057733 1.161354 0.192478
v -0.006767 1.032501 0.198646
v -0.046757 1.063850 0.208161
v -0.047404 1.120608 0.238369
v -0.007741 1.117987 0.244144
v -0.015771 1.051999 0.161817
v -0.052685 1.076688 0.183913
v -0.053332 1.133446 0.214122
v -0.016745 1.137485 0.207315
v 0.157988 1.141222 0.155131
v -0.163345 1.191699 0.053408
v -0.125930 1.140772 0.224307
v 0.157636 1.172080 0.171554
v 0.119869 1.253865 0.017079
v -0.013912 0.929335 0.094675
v -0.016178 1.128172 0.200501
v -0.052286 1.012436 -0.062284
v -0.054552 1.211272 0.043542
v 0.054160 0.936851 0.082011
v 0.051894 1.135687 0.187837
v 0.015785 1.019951 -0.074947
v 0.013519 1.218788 0.030879
v 0.085798 1.478017 0.466617
v 0.097524 1.520180 0.408300
v 0.097551 1.504907 0.399116
v 0.101652 1.483068 0.409762
v 0.099649 1.439672 0.389453
v 0.093182 1.475149 0.354694
v 0.093062 1.541481 0.394579
v 0.059662 1.578825 0.441930
v 0.053605 1.624261 0.458349
v 0.088083 1.573161 0.417304
v 0.112492 1.539044 0.378605
v 0.062920 1.576076 0.330775
v 0.052526 1.505337 0.313137
v 0.052405 1.572462 0.353498
v 0.025543 1.604100 0.394207
v 0.046438 1.594596 0.372082
v 0.013356 1.593321 0.365077
v -0.001659 1.626605 0.357805
v 0.095725 1.572883 0.504135
v 0.086186 1.545197 0.469993
v 0.101742 1.490489 0.450115
v 0.095132 1.524457 0.467262
v 0.080300 1.515508 0.479252
v 0.090637 1.517898 0.412074
v 0.090665 1.502625 0.402890
v 0.094766 1.480786 0.413536
v 0.092763 1.437390 0.393227
v 0.025728 1.531458 0.389328
v 0.086296 1.472867 0.358468
v 0.093914 1.464337 0.358423
v 0.087028 1.462054 0.362197
v 0.105214 1.488258 0.353572
v 0.060491 1.522716 0.306964
v 0.093137 1.499919 0.369588
v 0.098140 1.489259 0.393024
v 0.108541 1.511474 0.365015
v 0.093118 1.510682 0.376060
v 0.047845 1.494381 0.288235
v -0.002942 1.443297 0.407379
v 0.024108 1.614486 0.474516
v -0.022460 1.494326 0.452570
v -0.056309 1.536568 0.396122
v -0.032429 1.477186 0.359700
v -0.032550 1.544311 0.400061
v -0.017020 1.583255 0.381726
v -0.032035 1.616539 0.374454
v 0.066227 1.563108 0.520302
v 0.060441 1.476803 0.472751
v 0.022634 1.495365 0.449346
v -0.015007 1.448421 0.419464
v -0.048726 1.486526 0.366824
v -0.044679 1.463722 0.338946
v 0.071437 1.540310 0.478077
v -0.040613 1.565547 0.350821
v -0.032382 1.488476 0.302067
v -0.022024 1.501314 0.323857
v -0.034038 1.513641 0.324995
v 0.007522 1.581498 0.324438
v 0.008855 1.578313 0.346990
v 0.008975 1.511585 0.306867
v 0.009091 1.527932 0.301356
v 0.002402 1.500002 0.283002
v 0.015748 1.493083 0.453120
v 0.015775 1.477810 0.443936
v 0.032599 1.460186 0.447609
v 0.038044 1.419258 0.423218
v -0.003062 1.509629 0.447263
v 0.030164 1.569051 0.458097
v 0.001797 1.544569 0.464596
v -0.004540 1.594131 0.410695
v -0.026011 1.570589 0.411790
v 0.056689 1.535423 0.486161
v 0.060571 1.513005 0.486204
v 0.022662 1.480092 0.440162
v 0.039485 1.462468 0.443834
v 0.044930 1.421540 0.419444
v 0.003944 1.445578 0.403604
v 0.004732 1.434785 0.407303
v 0.011618 1.437067 0.403529
v -0.002987 1.468067 0.422273
v 0.018147 1.462753 0.436867
v -0.018414 1.469406 0.434598
v -0.003006 1.478830 0.428744
v -0.022144 1.568042 0.363980
v 0.107192 1.556539 0.462998
v 0.122627 1.531229 0.480675
v 0.109039 1.517949 0.456879
v 0.101109 1.653969 0.476285
v 0.094185 1.667823 0.468936
v 0.102447 1.490431 0.485932
v 0.102453 1.525477 0.493512
v 0.094509 1.475218 0.462251
v 0.090657 1.546109 0.467655
v 0.093174 1.483472 0.464422
v 0.119796 1.511574 0.427879
v 0.160302 1.708357 0.381073
v 0.112645 1.546427 0.445505
v 0.092510 1.518612 0.471406
v 0.096917 1.498600 0.476568
v 0.120185 1.530743 0.446637
v 0.116441 1.515615 0.434491
v 0.098052 1.536843 0.444500
v 0.102636 1.555847 0.465986
v 0.118071 1.530537 0.483663
v 0.104483 1.517257 0.459866
v 0.096553 1.653278 0.479273
v 0.089629 1.667131 0.471924
v 0.093496 1.536151 0.447488
v 0.080076 1.470435 0.470161
v 0.052573 1.533489 0.488528
v 0.088015 1.485649 0.493842
v 0.077434 1.517187 0.507224
v 0.037136 1.533325 0.501395
v 0.056315 1.509255 0.517020
v 0.049742 1.498300 0.489379
v 0.004221 1.621864 0.529388
v -0.005107 1.634921 0.523357
v 0.078443 1.478591 0.472495
v 0.025697 1.480393 0.479453
v -0.120106 1.615441 0.534761
v 0.026009 1.517719 0.492989
v 0.067635 1.510369 0.485040
v 0.079209 1.492732 0.486273
v 0.031106 1.501226 0.495460
v 0.030340 1.487085 0.481682
v 0.035836 1.516227 0.478600
v 0.041689 1.535652 0.499390
v 0.060868 1.511582 0.515015
v 0.054295 1.500627 0.487374
v 0.008774 1.624191 0.527383
v -0.000554 1.637248 0.521352
v 0.040389 1.518553 0.476595
v 0.089008 1.468807 0.390677
v 0.087160 1.481626 0.419369
v 0.080383 1.436793 0.409172
v 0.080007 1.478416 0.442782
v 0.080722 1.475455 0.438122
v 0.086567 1.462255 0.408190
v 0.091031 1.498530 0.399350
v 0.077080 1.474810 0.448772
v 0.079143 1.453300 0.426726
v 0.085356 1.491476 0.422031
v 0.078304 1.485797 0.439963
v 0.089486 1.508171 0.402358
v 0.085324 1.509215 0.432697
v 0.078279 1.499779 0.448370
v 0.089460 1.522342 0.410879
v 0.085342 1.437278 0.428591
v 0.080576 1.422043 0.410995
v 0.076397 1.455483 0.435842
v 0.088324 1.509188 0.411250
v 0.085350 1.494531 0.423868
v 0.085333 1.503862 0.429478
v 0.087273 1.511161 0.419921
v 0.080315 1.495551 0.439696
v 0.020110 1.499362 0.448889
v 0.075575 1.434041 0.433944
v 0.069505 1.474937 0.448538
v 0.066975 1.470900 0.445656
v 0.047467 1.449299 0.429620
v 0.021681 1.475549 0.437360
v 0.045000 1.478103 0.444149
v 0.064558 1.481242 0.447498
v 0.020135 1.485191 0.440368
v 0.044968 1.495843 0.454816
v 0.064532 1.495224 0.455905
v 0.027054 1.488885 0.444831
v 0.033307 1.493279 0.449499
v 0.058925 1.488463 0.451420
v 0.071051 1.418886 0.416216
v 0.062783 1.430961 0.418818
v 0.029754 1.449172 0.423154
v 0.046805 1.468254 0.441487
v 0.069189 1.450002 0.432181
v 0.044995 1.481159 0.445986
v 0.044978 1.490489 0.451596
v 0.061369 1.483549 0.448647
v 0.079447 1.489539 0.438739
v 0.441982 1.391165 -0.130076
v 0.505392 1.424838 -0.032030
v 0.582595 1.286282 -0.047628
v 0.883254 0.882871 -0.124943
v 0.563772 1.346814 -0.023717
v 0.902301 0.825930 -0.066692
v 0.249407 1.572952 -0.006658
v 0.282771 1.590912 0.045289
v 0.947525 0.722760 -0.072535
v 0.538127 1.262668 -0.116385
v 0.392262 1.260131 0.256956
v 0.918300 0.805267 -0.163403
v 0.498594 1.158480 0.191357
v 0.892168 0.736397 0.040017
v 0.473503 1.340796 0.216202
v 0.837604 0.805567 0.039737
v 0.859945 0.864447 -0.134176
v 0.875327 0.794854 -0.034126
v 0.880614 0.808788 -0.075281
v 0.555565 1.215047 0.162778
v 0.860912 0.823991 0.048969
v 0.538068 1.279073 0.176370
v 0.897014 0.811997 -0.025537
v 0.219360 1.493766 0.227232
v 0.262169 1.536618 0.205658
v -0.087890 1.142582 0.211382
v -0.134787 1.218502 0.122755
v -0.067051 1.227042 0.255873
v -0.176036 1.404314 0.230972
v 0.133329 1.467062 0.127544
v -0.160095 1.492159 0.331948
v -0.074258 1.202647 0.254900
v 0.018937 1.399792 0.376394
v 0.025113 1.473843 0.404138
v -0.003379 1.429170 0.327468
v 0.010883 1.492576 0.372940
v 0.076005 1.411367 0.357314
v 0.061503 1.481224 0.391972
v 0.047273 1.499957 0.360774
v -0.135210 1.291556 0.284680
v 0.174155 1.354304 0.181252
v -0.071805 1.253735 0.451387
v 0.109627 1.417895 0.389353
v 0.049502 1.546115 0.287299
v 0.125773 1.315407 0.375469
v 0.043967 1.515618 0.252242
v 0.010517 1.397793 0.422488
v -0.003087 1.395033 0.427036
v 0.123232 1.420655 0.384805
v 0.058075 1.559605 0.274210
v 0.139378 1.318166 0.370920
v 0.044290 1.548480 0.226227
v 0.090373 1.164403 0.144056
v 0.146435 1.210953 0.339983
v 0.115839 1.275553 0.287659
v 0.101559 1.272656 0.292433
v -0.028407 1.140311 0.183767
v 0.051989 1.541875 0.269462
v -0.095553 1.354522 0.441497
v -0.059092 1.406232 0.164484
v 0.139719 1.342230 0.386539
v 0.126114 1.339470 0.391087
v -0.018266 1.293474 0.218191
v 0.048997 1.307117 0.195704
v 0.008171 1.419874 0.141996
v 0.022990 1.431108 0.091310
v -0.081523 1.275670 0.120010
v 0.044797 1.301291 0.077778
v 0.062923 1.401180 0.192599
v -0.059626 1.506854 0.278845
v -0.080926 1.389482 0.143928
v 0.039484 1.526956 0.245710
v 0.018184 1.409585 0.110794
v -0.068425 1.525618 0.263910
v 0.031192 1.298532 0.082327
v 0.009385 1.428349 0.095859
v 0.030685 1.545720 0.230775
v 0.031318 1.467707 0.190708
v -0.064679 1.448236 0.222801
v -0.004876 1.415229 0.050610
v -0.063223 1.502933 0.288413
v 0.049055 1.525706 0.250876
v 0.116499 1.381880 0.365352
v 0.091565 1.172469 0.129633
v -0.021730 1.143586 0.172646
v 0.109762 1.232568 0.184077
v -0.043426 1.201497 0.235291
v -0.042568 1.150128 0.170245
v 0.089482 1.176911 0.126098
v 0.123599 1.200952 0.314856
v 0.036051 1.247421 0.392306
v 0.033379 1.182653 0.345019
v 0.085829 1.174095 0.136342
v -0.032951 1.150003 0.176053
v -0.076476 1.268614 0.352755
v -0.100872 1.395758 0.082704
v -0.015736 1.413026 0.054241
v -0.045661 1.306607 0.118386
v -0.073345 1.329610 0.049535
v 0.095925 1.347998 0.101584
v -0.129439 1.381560 0.262858
v 0.125591 1.433288 0.177595
v 0.213812 1.417270 0.338069
v 0.139801 1.266428 0.388399
v -0.002941 1.251461 0.327370
v 0.011339 1.254357 0.322596
v 0.126272 1.265720 0.362144
v 0.140552 1.268617 0.357370
v 0.132155 1.208056 0.344757
v 0.021771 1.244525 0.397081
v 0.027654 1.186861 0.379694
v 0.041934 1.189757 0.374920
v 0.053689 1.440746 0.308388
v 0.132133 1.175605 0.123244
v 0.085236 1.251525 0.034616
v 0.126441 1.256083 0.178362
v -0.105103 1.288642 0.183962
v 0.088390 1.317682 0.106452
v 0.143384 1.246790 0.182137
v -0.038981 1.192019 0.242835
v 0.013497 1.258541 0.347313
v 0.112836 1.278690 0.314102
v 0.077865 1.163787 0.139349
v -0.040485 1.145686 0.173781
v -0.054618 1.266167 0.351433
v -0.107978 1.484214 0.115114
v -0.011982 1.503685 0.083020
v 0.029738 1.386467 0.136696
v 0.006621 1.317211 0.100907
v -0.021063 1.340214 0.032057
v -0.066258 1.366997 0.168790
v 0.018878 1.384265 0.140327
v -0.055398 1.369199 0.165160
v -0.090013 1.397961 0.079073
v 0.114206 1.223089 0.191621
v 0.178555 1.320341 0.267493
v 0.162589 1.310223 0.278816
v -0.121717 1.303854 0.174346
v -0.049608 1.526013 0.320434
v 0.026663 1.295304 0.408603
v -0.055143 1.495516 0.285377
v -0.068245 1.533984 0.316441
v 0.013058 1.292545 0.413152
v -0.082030 1.522858 0.268458
v 0.013399 1.316609 0.428771
v 0.027004 1.319368 0.424222
v -0.103329 1.405487 0.133542
v -0.063396 1.375559 0.234830
v -0.067918 1.278429 0.115461
v -0.089725 1.408247 0.128994
v -0.090991 1.229367 0.379216
v 0.218375 1.292115 0.275788
v -0.094322 1.339119 0.435834
v 0.035893 1.217305 0.333978
v 0.002061 1.386139 0.412828
v 0.215042 1.401867 0.332406
v 0.237560 1.316483 0.347959
v -0.060289 1.519102 0.306999
v 0.100307 1.197733 0.324924
v 0.114339 1.408912 0.375291
v 0.130235 1.191113 0.410425
v 0.103156 1.230948 0.311490
v 0.004221 1.359107 0.402889
v 0.041089 1.246406 0.421401
v 0.057464 1.189044 0.339247
v 0.087391 1.182424 0.424749
v 0.149270 1.554907 0.228520
v 0.142715 1.701259 -0.112725
v 0.874649 2.067435 -0.172941
v 0.146693 1.690750 -0.128272
v 0.878627 2.056927 -0.188488
v 0.207912 1.714031 -0.104675
v 0.475127 1.830888 -0.115285
v 0.218020 1.785647 -0.150496
v 0.383602 1.847297 -0.149797
v 0.479105 1.820380 -0.130832
v 0.211890 1.703522 -0.120221
v 0.387580 1.836788 -0.165343
v 0.221999 1.775139 -0.166043
v 0.426443 1.803297 -0.117950
v 0.398589 1.811098 -0.066991
v 0.246303 1.744500 -0.060944
v 0.229781 1.717293 -0.110141
v 0.474379 1.701072 -0.036587
v 0.433030 1.737650 -0.008533
v 0.295099 1.640440 0.021880
v 0.296255 1.575534 0.002688
v 0.776136 1.996245 -0.173697
v 0.772158 2.006753 -0.158151
v 1.000980 2.068381 -0.141254
v 1.068484 2.063617 -0.132594
v 1.004958 2.057872 -0.156800
v 0.229159 1.514888 0.011702
v 0.243186 1.485988 0.046660
v 0.225181 1.525396 0.027248
v 0.806943 1.932574 -0.099109
v 0.824948 1.893165 -0.079698
v 0.810921 1.922065 -0.114656
v 0.137036 1.669964 -0.148698
v 0.802712 1.671025 -0.628607
v 0.145278 1.682951 -0.137237
v 0.810954 1.684013 -0.617146
v 0.197013 1.653973 -0.173710
v 0.440617 1.640723 -0.333878
v 0.203918 1.707936 -0.239824
v 0.355239 1.691002 -0.329454
v 0.448859 1.653710 -0.322416
v 0.205256 1.666960 -0.162249
v 0.363481 1.703990 -0.317993
v 0.212160 1.720923 -0.228363
v 0.398022 1.646678 -0.297980
v 0.360714 1.602384 -0.306904
v 0.221883 1.609935 -0.215624
v 0.218736 1.656430 -0.180101
v 0.445957 1.544454 -0.216617
v 0.395155 1.528937 -0.248445
v 0.270679 1.505875 -0.132799
v 0.285210 1.514672 -0.067272
v 0.718065 1.676239 -0.541538
v 0.709823 1.663252 -0.552999
v 0.919748 1.620749 -0.655799
v 0.984563 1.601168 -0.664171
v 0.927989 1.633736 -0.644338
v 0.227744 1.507089 0.002737
v 0.239639 1.466441 0.024191
v 0.219502 1.494101 -0.008725
v 0.744607 1.589072 -0.493958
v 0.764744 1.561411 -0.461043
v 0.752849 1.602060 -0.482496
v -0.478483 1.575263 0.094955
v -1.180027 1.650691 0.513983
v -0.486725 1.562276 0.083494
v -1.188269 1.637704 0.502522
v -0.526210 1.565131 0.140759
v -0.769814 1.578381 0.300927
v -0.585411 1.622690 0.118109
v -0.728355 1.621762 0.221956
v -0.778056 1.565394 0.289466
v -0.534452 1.552144 0.129298
v -0.736598 1.608775 0.210495
v -0.593653 1.609703 0.106648
v -0.725882 1.569574 0.267298
v -0.678607 1.592613 0.293140
v -0.539776 1.585062 0.201860
v -0.546596 1.559823 0.149419
v -0.677946 1.467350 0.348662
v -0.644166 1.519166 0.351598
v -0.490980 1.481002 0.284684
v -0.480122 1.418064 0.262249
v -1.083036 1.619154 0.447866
v -1.074794 1.632141 0.459327
v -1.254802 1.610847 0.612905
v -1.297702 1.583691 0.658476
v -1.263044 1.597860 0.601444
v -0.404258 1.386414 0.223468
v -0.384121 1.358753 0.256383
v -0.396016 1.399401 0.234929
v -1.040009 1.557962 0.518369
v -1.028114 1.517314 0.539823
v -1.048251 1.544975 0.506907
v -0.484162 1.543968 0.058982
v -1.251963 1.254282 0.058317
v -0.488140 1.554477 0.074529
v -1.255942 1.264791 0.073864
v -0.537109 1.505073 0.071724
v -0.804324 1.388215 0.082334
v -0.599513 1.544979 0.028781
v -0.756718 1.465468 0.042298
v -0.808302 1.398724 0.097881
v -0.541087 1.515582 0.087270
v -0.760697 1.475976 0.057845
v -0.603491 1.555488 0.044328
v -0.754304 1.412956 0.087268
v -0.716482 1.383900 0.053227
v -0.564196 1.450498 0.047180
v -0.557641 1.498960 0.079459
v -0.706368 1.310731 0.168631
v -0.682041 1.310453 0.111686
v -0.515399 1.346437 0.130005
v -0.491167 1.357202 0.192288
v -1.141107 1.299149 0.080025
v -1.137129 1.288640 0.064478
v -1.336035 1.163215 0.098359
v -1.381623 1.121242 0.126898
v -1.340013 1.173724 0.113906
v -0.405674 1.378615 0.214503
v -0.387669 1.339206 0.233914
v -0.401696 1.368106 0.198956
v -1.102345 1.214461 0.123520
v -1.088318 1.185561 0.158478
v -1.106323 1.224970 0.139066
v -0.151946 1.258396 -0.045330
v -0.067074 1.275610 -0.073704
v -0.026710 1.303619 -0.049991
v -0.177706 1.272993 0.000490
v -0.192058 1.005759 -0.393581
v -0.197030 1.077516 -0.352617
v -0.070704 1.144156 -0.017973
v -0.147637 1.194059 0.042542
v -0.038436 1.200431 -0.033653
v 0.003359 1.224686 -0.007940
v -0.123307 1.183216 -0.005278
v -0.150684 1.014150 -0.407413
v -0.148522 1.087355 -0.368834
v -0.056710 1.240378 0.082261
v -0.108739 1.083759 -0.267746
v -0.110387 1.085873 -0.172029
v -0.166367 1.072071 -0.248480
v -0.105307 1.290175 0.227469
v 0.045690 1.320801 0.176988
v -0.140315 1.382075 0.178509
v 0.010681 1.412701 0.128028
v 0.409445 1.598863 -0.389488
v 0.420009 1.615510 -0.374797
v 0.468282 1.495216 -0.252626
v 0.445226 1.487859 -0.248286
v 0.384462 1.617443 -0.351425
v 0.373897 1.600796 -0.366116
v 0.382534 1.643379 -0.317703
v 0.443299 1.513796 -0.214564
v 0.405590 1.650736 -0.322044
v 0.466355 1.521152 -0.218905
v 0.418081 1.641446 -0.341075
v 0.478847 1.511862 -0.237936
v 0.487418 1.437060 -0.179913
v 0.441137 1.648803 -0.345416
v 0.371970 1.626733 -0.332394
v 0.432735 1.497149 -0.229255
v 0.443064 1.622866 -0.379138
v 0.386389 1.591507 -0.385147
v 0.453629 1.639513 -0.364447
v 0.447154 1.461923 -0.282008
v 0.434662 1.471213 -0.262977
v 0.489345 1.411123 -0.213635
v 0.470210 1.469279 -0.286348
v 0.501902 1.519219 -0.242276
v 0.522965 1.435127 -0.203285
v 0.480774 1.485926 -0.271658
v 0.503829 1.493282 -0.275998
v 0.514394 1.509929 -0.261308
v 0.720380 1.547521 -0.452033
v 0.709815 1.530874 -0.466723
v 0.686760 1.523518 -0.462383
v 0.728951 1.472719 -0.394010
v 0.707888 1.556811 -0.433001
v 0.676196 1.506871 -0.477074
v 0.695331 1.448716 -0.404360
v 0.640648 1.508805 -0.453702
v 0.653140 1.499515 -0.472733
v 0.659615 1.677105 -0.555172
v 0.592375 1.629098 -0.575872
v 0.649051 1.660458 -0.569863
v 0.638721 1.534741 -0.419980
v 0.577956 1.664325 -0.523119
v 0.647123 1.686395 -0.536141
v 0.693404 1.474652 -0.370638
v 0.684833 1.549455 -0.428661
v 0.624068 1.679038 -0.531800
v 0.672341 1.558744 -0.409630
v 0.611576 1.688328 -0.512769
v 0.649285 1.551388 -0.405289
v 0.588520 1.680971 -0.508429
v 0.579883 1.638388 -0.556841
v 0.590448 1.655035 -0.542150
v 0.651212 1.525451 -0.439011
v 0.674268 1.532808 -0.443351
v 0.625995 1.653101 -0.565522
v 0.615431 1.636455 -0.580213
v 0.101237 1.780699 -0.305607
v 0.284177 1.390573 0.004906
v 0.164006 1.694831 -0.203036
v 0.247290 1.517225 -0.061674
v 0.179308 1.683451 -0.226349
v 0.262592 1.505845 -0.084987
v 0.166367 1.663059 -0.244344
v 0.249651 1.485453 -0.102982
v 0.138124 1.654048 -0.239027
v 0.221408 1.476441 -0.097665
v 0.122822 1.665428 -0.215714
v 0.206106 1.487821 -0.074352
v 0.135763 1.685820 -0.197718
v 0.219047 1.508213 -0.056357
v -0.798943 1.353770 0.014503
v -0.804042 1.367239 0.034431
v -0.726331 1.252916 0.146759
v -0.704285 1.254707 0.136022
v -0.765050 1.384291 0.032882
v -0.759951 1.370822 0.012955
v -0.753202 1.413022 0.061999
v -0.692437 1.283438 0.165138
v -0.775248 1.411230 0.072737
v -0.714483 1.281647 0.175876
v -0.792194 1.395970 0.063547
v -0.731430 1.266386 0.166687
v -0.677757 1.200731 0.209631
v -0.814240 1.394179 0.074285
v -0.748103 1.399552 0.042071
v -0.687338 1.269968 0.145211
v -0.826088 1.365448 0.045168
v -0.776897 1.355561 0.003765
v -0.831187 1.378918 0.065096
v -0.716132 1.225977 0.106905
v -0.699185 1.241238 0.116094
v -0.689604 1.172001 0.180514
v -0.738178 1.224186 0.117643
v -0.753475 1.264595 0.177425
v -0.716750 1.183679 0.211179
v -0.743277 1.237655 0.137570
v -0.765323 1.235864 0.148308
v -0.770422 1.249334 0.168235
v -1.045609 1.189331 0.138377
v -1.040510 1.175861 0.118450
v -1.018464 1.177652 0.107712
v -0.991936 1.123677 0.181321
v -1.028662 1.204592 0.147566
v -1.013365 1.164183 0.087785
v -0.964791 1.111998 0.150656
v -0.974372 1.181235 0.086236
v -0.991319 1.165974 0.077047
v -1.106374 1.318915 0.035237
v -1.052084 1.295558 -0.026093
v -1.101275 1.305445 0.015310
v -0.962525 1.209965 0.115353
v -1.023290 1.339549 0.012213
v -1.089427 1.334176 0.044427
v -0.952944 1.140729 0.179773
v -1.006616 1.206383 0.136829
v -1.067381 1.335967 0.033689
v -0.989670 1.221644 0.146018
v -1.050435 1.351228 0.042878
v -0.967624 1.223435 0.135280
v -1.028389 1.353019 0.032140
v -1.035137 1.310819 -0.016904
v -1.040236 1.324288 0.003024
v -0.979471 1.194705 0.106163
v -1.001517 1.192914 0.116901
v -1.079229 1.307236 0.004572
v -1.074130 1.293767 -0.015355
v -0.587823 1.640940 -0.075238
v -0.404883 1.250813 0.235274
v -0.544241 1.551180 0.033747
v -0.460957 1.373573 0.175109
v -0.565001 1.532485 0.022491
v -0.481717 1.354879 0.163853
v -0.558754 1.515985 -0.001920
v -0.475470 1.338379 0.139442
v -0.531748 1.518180 -0.015074
v -0.448464 1.340573 0.126288
v -0.510989 1.536874 -0.003817
v -0.427705 1.359267 0.137545
v -0.517235 1.553374 0.020594
v -0.433952 1.375767 0.161956
v 0.034195 1.478923 0.167582
v 0.041823 1.520955 0.215896
v -0.091565 1.747112 -0.045877
v -0.083937 1.789143 0.002437
v 0.086032 1.489437 0.150252
v 0.093659 1.531469 0.198566
v -0.039728 1.757625 -0.063207
v -0.032101 1.799657 -0.014893
v -0.089605 1.790533 0.007524
v -0.067392 1.743162 0.045228
v -0.025475 1.803541 -0.013916
v -0.003262 1.756170 0.023788
v -0.059764 1.785194 0.093543
v 0.004366 1.798201 0.072102
v -0.081978 1.832565 0.055838
v -0.017848 1.845572 0.034398
v -0.157952 1.439951 0.231821
v -0.150324 1.481982 0.280135
v -0.283712 1.708139 0.018362
v -0.276084 1.750171 0.066677
v -0.209788 1.429437 0.249151
v -0.202161 1.471468 0.297465
v -0.335548 1.697625 0.035692
v -0.327921 1.739657 0.084007
v -0.278959 1.712359 0.013942
v -0.271332 1.754390 0.062256
v -0.343089 1.699351 0.035382
v -0.335462 1.741383 0.083696
v -0.293545 1.801762 0.024551
v -0.357675 1.788754 0.045992
v -0.301173 1.759730 -0.023763
v -0.365303 1.746723 -0.002323
v 0.060736 1.776129 -0.062904
v 0.129551 1.774736 -0.105196
v -0.013863 1.745648 -0.057250
v 0.076125 1.738953 -0.053474
v 0.148398 1.584828 0.069199
v 0.121210 1.963002 -0.003006
v 0.062771 1.736245 -0.049009
v 0.135044 1.582119 0.073663
v 0.107856 1.960294 0.001459
v 0.132769 1.583068 -0.211853
v -0.026194 1.677697 -0.135358
v 0.117220 1.706785 -0.183305
v -0.010646 1.553980 -0.163907
v 0.102983 1.311662 0.028961
v 0.232191 1.371046 -0.043099
v 0.162946 2.095729 0.074384
v 0.176300 2.098437 0.069920
v 0.180340 1.521069 0.140105
v 0.248551 1.520965 0.096787
v 0.263929 1.393922 0.065711
v 0.119342 1.461581 0.168847
v 0.134721 1.334538 0.137771
v -0.415698 1.679495 0.096379
v -0.490297 1.649014 0.102033
v -0.346883 1.678102 0.054086
v -0.408456 1.640667 0.108532
v -0.336182 1.486542 0.231205
v -0.491144 1.838801 0.201718
v -0.395101 1.643376 0.104068
v -0.322828 1.489250 0.226741
v -0.477790 1.841509 0.197253
v -0.487080 1.457346 -0.004624
v -0.359214 1.610151 -0.024022
v -0.502628 1.581063 0.023924
v -0.343665 1.486434 -0.052571
v -0.230036 1.244116 0.140297
v -0.387657 1.245323 0.164131
v -0.523626 1.956473 0.303920
v -0.536980 1.953764 0.308385
v -0.296094 1.424435 0.299388
v -0.371298 1.395243 0.304016
v -0.355919 1.268200 0.272940
v -0.213677 1.394036 0.280183
v -0.198299 1.266993 0.249107
v -0.329144 1.639193 0.073242
v 0.142706 1.396728 0.209685
v -0.184340 1.330394 0.319023
v 0.120045 1.271854 0.066145
v 0.072569 1.353692 0.258197
v 0.049908 1.228818 0.114657
v 0.021349 1.482327 -0.101376
v -0.015177 1.633451 -0.118948
v -0.342223 1.567117 -0.009609
v 0.126566 1.431146 0.182290
v 0.058468 1.383764 0.234262
v 0.078283 1.534112 0.100336
v -0.004191 1.517385 0.127909
v 0.044461 1.465406 0.241896
v 0.112559 1.512789 0.189925
v 0.005816 1.547818 0.176303
v 0.088289 1.564545 0.148730
v -0.002098 1.705527 -0.036097
v -0.200480 1.364812 0.291629
v -0.103632 1.350886 0.288455
v -0.248763 1.467779 0.209675
v -0.166290 1.484506 0.182103
v -0.259750 1.583845 -0.037181
v -0.097651 1.616723 -0.091375
v 0.059489 1.281615 0.175347
v -0.061124 1.465599 -0.073804
v -0.102610 1.248737 0.229540
v -0.207001 1.205520 0.175483
v -0.089530 1.320814 0.312390
v -0.112191 1.195940 0.168850
v -0.305696 1.415993 0.007962
v -0.117638 1.432528 0.296090
v -0.214486 1.446455 0.299263
v -0.156283 1.514939 0.230496
v -0.238756 1.498212 0.258069
v -0.223223 1.432721 -0.019610
v 0.091831 1.134342 -0.085999
v 0.073725 1.382726 0.012250
v 0.125458 1.133589 -0.014826
v 0.040098 1.383479 -0.058924
v 0.133634 1.155483 -0.105526
v 0.031922 1.361585 0.031777
v 0.167261 1.154731 -0.034353
v -0.001705 1.362337 -0.039396
v -0.226124 1.069851 0.020301
v -0.243236 1.318438 0.118217
v -0.209289 1.065693 0.097088
v -0.260071 1.322596 0.041430
v -0.275603 1.072478 0.031291
v -0.193758 1.315811 0.107227
v -0.258767 1.068320 0.108078
v -0.210593 1.319969 0.030439
v -0.272153 1.240806 0.017824
v -0.124304 0.358144 0.894417
v -0.099590 0.380827 1.000256
v -0.318205 1.243251 0.028053
v -0.170356 0.360589 0.904647
v -0.145642 0.383272 1.010485
v -0.234229 0.861481 0.279226
v -0.280281 0.863926 0.289455
v -0.256797 0.881591 0.172820
v -0.290755 1.037082 -0.017225
v -0.302848 0.884036 0.183050
v -0.336807 1.039527 -0.006995
v -0.341688 1.193285 -0.065722
v -0.295636 1.190840 -0.075951
v -0.332494 1.114918 -0.005601
v -0.286442 1.112473 -0.015830
v -0.208221 0.948068 0.375615
v -0.206559 0.870627 0.401610
v -0.254273 0.950513 0.385845
v -0.252611 0.873072 0.411839
v -0.185098 0.532008 0.751144
v -0.183297 0.539981 0.757347
v -0.305050 0.649068 0.635478
v -0.303249 0.657042 0.641680
v -0.211599 0.653355 0.602831
v -0.209798 0.661329 0.609033
v -0.298013 0.688730 0.582443
v -0.296212 0.696704 0.588645
v 0.064063 1.309000 -0.094581
v 0.814088 0.502426 0.637808
v 0.809634 0.565243 0.696282
v 0.102971 1.328677 -0.112756
v 0.852996 0.522103 0.619633
v 0.848542 0.584920 0.678107
v 0.321269 0.974151 0.093511
v 0.360177 0.993828 0.075336
v 0.269063 0.988250 -0.002986
v 0.129084 1.122237 -0.157586
v 0.307971 1.007927 -0.021161
v 0.167993 1.141914 -0.175761
v 0.083419 1.279509 -0.207845
v 0.044511 1.259831 -0.189670
v 0.139106 1.210572 -0.163267
v 0.100197 1.190895 -0.145093
v 0.327596 1.056747 0.196480
v 0.368699 0.987305 0.209288
v 0.366504 1.076424 0.178305
v 0.407607 1.006982 0.191113
v 0.674791 0.706417 0.463664
v 0.674259 0.713917 0.470647
v 0.654655 0.843723 0.314627
v 0.654123 0.851224 0.321610
v 0.565550 0.810982 0.343013
v 0.565018 0.818483 0.349995
v 0.604771 0.871840 0.280622
v 0.604239 0.879341 0.287604
v 0.110802 1.573236 0.363546
v 0.138524 1.570689 0.344013
v 0.146929 1.552670 0.316423
v 0.131092 1.529735 0.296938
v 0.100292 1.515318 0.296970
v 0.072570 1.517865 0.316503
v 0.064165 1.535883 0.344093
v 0.181032 1.383301 0.458383
v 0.080001 1.558819 0.363579
v -0.053092 1.923964 0.158787
v -0.010936 1.932514 0.144693
v -0.075313 1.801513 0.018031
v -0.033158 1.810063 0.003938
v -0.001713 1.803020 0.239091
v 0.040442 1.811570 0.224998
v -0.022446 1.688771 0.107765
v 0.019710 1.697322 0.093672
v -0.088704 1.882891 0.027347
v -0.081794 1.920974 0.071122
v -0.039638 1.929524 0.057028
v -0.046549 1.891441 0.013253
v 0.004767 1.683559 0.186001
v 0.011678 1.721642 0.229776
v 0.053834 1.730192 0.215682
v 0.046923 1.692109 0.171907
v -0.078425 1.976771 0.042361
v -0.050703 1.974224 0.022828
v -0.042299 1.956205 -0.004761
v -0.058135 1.933270 -0.024247
v -0.088936 1.918853 -0.024214
v -0.116658 1.921400 -0.004682
v -0.125062 1.939418 0.022908
v -0.109226 1.962354 0.042394
v -0.120098 2.025474 -0.052740
v -0.393819 1.923487 -0.029756
v -0.309624 1.984723 0.131536
v -0.354988 1.840678 0.036154
v -0.492071 1.085273 -0.832169
v -0.279796 2.149092 0.320476
v -0.268536 1.897100 0.201277
v -0.308030 2.190037 0.388561
v -0.343489 2.200836 0.289051
v -0.243071 2.070775 0.382810
v -0.315275 1.953585 0.095744
v -0.373923 2.033128 0.096274
v -0.336893 2.040639 0.083895
v -0.352304 1.946074 0.108123
v -0.306459 2.208347 0.276672
v -0.280101 2.063265 0.395190
v -0.305566 1.889590 0.213657
v -0.271000 2.197547 0.376181
v -0.455041 1.092784 -0.844549
v -0.316826 2.141581 0.332855
v -0.346654 1.977212 0.143916
v -0.317958 1.848188 0.023774
v -0.356790 1.930997 -0.042136
v -0.234277 2.119234 0.438513
v -0.489080 0.780053 -1.072241
v -0.503883 1.035662 -0.961447
v -0.496463 0.837638 -0.995542
v -0.493550 1.092606 -0.895991
v -0.512065 1.088851 -0.889801
v -0.506954 1.117011 -0.857431
v -0.459433 0.845148 -1.007922
v -0.469243 1.014525 -0.934505
v -0.460152 1.064623 -0.876919
v -0.475035 1.096362 -0.902181
v -0.469925 1.124522 -0.869811
v -0.325755 1.778337 0.085773
v -0.288725 1.785847 0.073393
v -0.386550 1.963545 0.016289
v -0.349520 1.971055 0.003910
v -0.274186 1.865963 0.165484
v -0.311216 1.858452 0.177864
v -0.271307 2.111724 0.450893
v -0.302241 1.839312 0.193099
v -0.316779 1.759196 0.101007
v -0.265211 1.846822 0.180719
v -0.279750 1.766707 0.088628
v -0.310041 1.900739 0.185947
v -0.276896 2.083386 0.395896
v -0.324709 1.932020 0.161049
v -0.291564 2.114667 0.370998
v -0.285242 1.905769 0.177656
v -0.252097 2.088416 0.387605
v -0.299910 1.937050 0.152759
v -0.266765 2.119697 0.362708
v -0.259846 2.130521 0.432730
v -0.277806 2.138202 0.428883
v -0.269544 2.151202 0.416269
v -0.251584 2.143521 0.420116
v -0.249708 2.152134 0.476167
v -0.284268 2.166915 0.468764
v -0.268369 2.191930 0.444492
v -0.233809 2.177149 0.451895
v -0.241543 2.268443 0.571151
v -0.506273 1.007014 -0.922126
v -0.497181 1.057112 -0.864539
v -0.020275 1.443254 0.187815
v -0.101972 1.488706 0.224042
v -0.028602 1.503588 0.199513
v -0.048578 1.460514 0.240138
v -0.040251 1.400180 0.228441
v -0.073610 1.599570 0.123118
v -0.146981 1.584688 0.147647
v -0.085476 1.582298 0.077146
v -0.158847 1.567417 0.101675
v -0.193054 1.870164 -0.060134
v -0.260709 1.856442 -0.037516
v -0.205346 1.867235 -0.098678
v -0.186109 1.796831 -0.083851
v -0.273001 1.853513 -0.076060
v -0.253764 1.783109 -0.061232
v -0.077361 1.601134 0.122704
v -0.145015 1.587412 0.145322
v -0.159054 1.665170 0.150504
v -0.091400 1.678892 0.127886
v -0.308045 2.047005 -0.210154
v -0.325448 2.043476 -0.204336
v -0.327841 2.098718 -0.207984
v -0.159310 1.793564 0.110981
v -0.105966 1.652581 0.101076
v -0.154643 1.642709 0.117350
v -0.101694 1.616812 0.059431
v -0.169349 1.603090 0.082050
v -0.103668 1.509199 0.170347
v -0.097202 1.544831 0.211306
v -0.158529 1.626192 0.077229
v -0.152063 1.661824 0.118188
v -0.065707 1.516899 0.157656
v -0.059241 1.552531 0.198615
v -0.120568 1.633892 0.064538
v -0.114102 1.669524 0.105497
v -0.093645 1.428373 0.212344
vn -0.5069 0.2549 0.8235
vn -0.3035 0.4258 -0.8524
vn 0.5069 -0.2549 -0.8235
vn 0.5859 -0.5988 0.5460
vn -0.6322 -0.7593 -0.1542
vn 0.7619 -0.5732 -0.3015
vn 0.3223 -0.0768 -0.9435
vn -0.8245 -0.5125 -0.2399
vn -0.3223 0.0768 0.9435
vn -0.7045 0.6462 -0.2933
vn 0.6322 0.7593 0.1542
vn -0.5859 0.5988 -0.5460
vn 0.2358 -0.3781 0.8952
vn -0.3918 0.4850 -0.7818
vn 0.7491 -0.6499 0.1286
vn 0.9046 -0.2686 0.3309
vn 0.3748 -0.9049 0.2017
vn -0.2649 0.5215 0.8111
vn 0.7655 0.5606 -0.3158
vn 0.6282 -0.5449 0.5554
vn -0.6354 0.0529 0.7704
vn 0.3763 0.8376 0.3960
vn 0.2649 -0.5215 -0.8111
vn -0.7728 -0.3534 0.5272
vn 0.7066 0.1007 -0.7004
vn -0.7316 -0.6566 0.1833
vn -0.7316 -0.6566 0.1832
vn 0.4349 0.8378 0.3300
vn -0.6282 0.5449 -0.5554
vn 0.7035 0.0928 -0.7046
vn -0.1296 -0.2856 0.9495
vn -0.1296 -0.2856 0.9496
vn 0.5895 -0.7444 -0.3138
vn -0.2378 -0.5978 0.7655
vn 0.1663 0.0888 0.9821
vn -0.0824 -0.9712 0.2236
vn 0.7357 0.3408 0.5854
vn 0.9396 -0.2544 -0.2289
vn 0.9396 -0.2544 -0.2291
vn 0.9397 -0.2544 -0.2284
vn 0.4479 0.8369 0.3145
vn 0.2177 -0.5623 -0.7978
vn -0.8854 0.3700 0.2813
vn -0.8854 0.3700 0.2812
vn -0.1663 -0.0888 -0.9821
vn -0.9936 0.0578 0.0972
vn -0.5895 0.7444 0.3138
vn -0.8382 -0.3156 -0.4447
vn -0.0201 0.9964 -0.0829
vn 0.1834 0.4017 -0.8972
vn 0.1838 0.4012 -0.8974
vn 0.1837 0.4013 -0.8973
vn 0.6322 0.7593 0.1541
vn 0.7045 -0.6462 0.2933
vn 0.6476 0.1804 0.7403
vn 0.0878 0.5780 -0.8113
vn -0.6476 -0.1804 -0.7403
vn -0.4146 -0.7318 0.5409
vn 0.6393 -0.6573 -0.3991
vn -0.7681 -0.5699 -0.2919
vn -0.4701 0.0766 -0.8793
vn 0.8004 -0.3827 -0.4613
vn 0.4701 -0.0766 0.8793
vn 0.6085 0.7498 -0.2601
vn -0.6393 0.6573 0.3991
vn 0.4146 0.7318 -0.5409
vn -0.0163 -0.5305 0.8475
vn 0.2283 0.6579 -0.7177
vn -0.6570 -0.7366 0.1605
vn -0.8204 -0.4054 0.4033
vn -0.2846 -0.9562 0.0689
vn 0.1302 0.2382 0.9625
vn -0.9993 -0.0041 -0.0369
vn -0.0049 -0.9706 0.2408
vn 0.6733 0.1749 0.7184
vn -0.6606 0.1839 0.7278
vn -0.1301 -0.2382 -0.9625
vn -0.1302 -0.2382 -0.9625
vn 0.9447 0.0745 0.3193
vn -0.7968 -0.1417 -0.5873
vn 0.9915 -0.0361 -0.1252
vn -0.7243 0.1695 0.6684
vn -0.7242 0.1695 0.6684
vn 0.0049 0.9706 -0.2408
vn -0.7911 -0.1436 -0.5946
vn -0.7380 0.1660 0.6540
vn -0.0667 -0.2400 -0.9685
vn 0.1301 0.2382 0.9625
vn -0.6085 -0.7498 0.2601
vn -0.5925 -0.4513 0.6673
vn 0.5349 -0.4442 0.7188
vn 0.7463 -0.5207 0.4146
vn 0.1010 -0.3936 0.9137
vn -0.1069 -0.7741 -0.6239
vn -0.6343 -0.6990 -0.3302
vn -0.6344 -0.6987 -0.3307
vn -0.6343 -0.6988 -0.3307
vn 0.6903 -0.6828 -0.2395
vn 0.5407 0.7236 0.4290
vn 0.5408 0.7236 0.4290
vn -0.1010 0.3936 -0.9137
vn 0.7522 0.6470 0.1249
vn 0.1069 0.7741 0.6239
vn 0.6962 0.4850 -0.5293
vn -0.5866 0.7165 0.3775
vn -0.6284 0.4692 -0.6205
vn -0.6285 0.4690 -0.6205
vn -0.6284 0.4696 -0.6202
vn -0.7727 -0.3534 0.5272
vn 0.9399 -0.2537 -0.2287
vn 0.9398 -0.2540 -0.2286
vn 0.4479 0.8370 0.3145
vn 0.1838 0.4018 -0.8971
vn 0.1841 0.4019 -0.8970
vn -0.7381 0.1660 0.6540
vn -0.6346 -0.6988 -0.3301
vn -0.6349 -0.6986 -0.3301
vn -0.6290 0.4692 -0.6199
vn -0.6287 0.4694 -0.6200
vn -0.6639 0.7143 -0.2213
vn 0.7061 0.5389 -0.4593
vn 0.5531 0.6324 -0.5423
vn 0.3478 0.8409 -0.4146
vn 0.6436 -0.7642 0.0424
vn 0.3379 -0.0186 0.9410
vn -0.2038 0.5770 0.7909
vn -0.3683 0.7015 0.6101
vn 0.9119 0.2047 -0.3557
vn 0.9077 0.1810 -0.3786
vn 0.9165 0.2408 -0.3194
vn 0.5482 -0.7855 -0.2871
vn 0.6362 -0.7716 0.0031
vn -0.6655 0.6865 -0.2930
vn 0.0468 0.3351 0.9410
vn -0.2076 -0.1504 -0.9666
vn 0.3671 -0.7007 -0.6117
vn 0.7464 0.6144 -0.2559
vn 0.6639 -0.7143 0.2213
vn 0.3927 0.9016 -0.1814
vn 0.4603 0.8444 -0.2740
vn 0.4636 0.8358 -0.2943
vn 0.9508 0.1061 -0.2911
vn 0.9269 0.1357 -0.3498
vn 0.3111 0.8802 -0.3585
vn 0.5807 0.8114 -0.0672
vn 0.7497 0.6027 -0.2732
vn 0.9015 0.4310 -0.0380
vn 0.7606 0.6398 -0.1102
vn -0.4755 0.7613 0.4409
vn -0.0468 -0.3351 -0.9410
vn 0.3685 -0.7017 -0.6098
vn 0.5104 -0.7751 -0.3724
vn 0.9352 0.2368 -0.2633
vn 0.9353 0.2365 -0.2631
vn 0.9354 0.2365 -0.2631
vn 0.4100 0.8612 -0.3002
vn 0.4100 0.8613 -0.3002
vn 0.4101 0.8612 -0.3002
vn 0.9407 0.2774 -0.1950
vn 0.9316 0.2091 -0.2974
vn 0.9360 0.3356 -0.1061
vn -0.6284 0.7772 0.0330
vn 0.7814 0.3558 -0.5126
vn 0.7583 0.6340 -0.1516
vn 0.7695 0.6217 -0.1460
vn 0.7722 0.6187 -0.1446
vn -0.6147 0.7837 0.0887
vn -0.5864 0.7889 0.1837
vn 0.6655 -0.6865 0.2930
vn 0.9211 0.3831 -0.0695
vn 0.8950 0.4440 -0.0428
vn 0.4976 0.7919 -0.3540
vn 0.5299 0.7840 -0.3232
vn 0.4791 0.8259 -0.2972
vn 0.4201 0.8282 -0.3710
vn -0.5943 0.7883 0.1593
vn -0.3580 0.0465 -0.9326
vn -0.1511 -0.2180 -0.9642
vn -0.6365 0.5465 -0.5443
vn 0.0726 -0.4574 -0.8863
vn 0.6538 -0.7486 0.1097
vn 0.6646 -0.7088 0.2365
vn 0.6641 -0.6619 0.3477
vn 0.1519 0.2171 0.9643
vn 0.5663 -0.3843 0.7291
vn 0.8707 0.4890 -0.0524
vn -0.7788 -0.3924 0.4893
vn -0.2947 -0.0397 -0.9548
vn 0.8885 0.3899 -0.2422
vn 0.8876 0.3892 -0.2462
vn 0.8684 0.3746 -0.3250
vn -0.7397 -0.6641 -0.1082
vn -0.7485 -0.6630 -0.0131
vn -0.7141 -0.6474 0.2664
vn -0.7773 -0.5663 0.2741
vn -0.8051 -0.4055 0.4328
vn -0.8457 -0.5286 0.0739
vn 0.7128 0.6602 -0.2367
vn 0.6243 0.7489 0.2220
vn 0.6565 0.7500 0.0802
vn -0.6733 -0.3192 0.6669
vn 0.7769 0.5800 -0.2449
vn 0.6522 0.4816 -0.5854
vn 0.6095 0.6692 -0.4250
vn 0.6291 0.7751 -0.0589
vn 0.8380 0.4638 -0.2874
vn 0.8170 0.5658 -0.1114
vn -0.6308 -0.7452 0.2162
vn -0.6547 -0.6456 0.3932
vn -0.7464 -0.6144 0.2559
vn -0.7503 -0.6599 0.0400
vn -0.9693 -0.2432 0.0369
vn -0.8503 -0.5228 -0.0612
vn -0.4142 -0.9071 0.0746
vn -0.4276 -0.8980 0.1036
vn -0.4475 -0.8819 0.1483
vn -0.9316 -0.3013 0.2033
vn -0.9410 -0.1962 0.2758
vn -0.9318 -0.3128 0.1841
vn -0.3170 -0.9375 0.1436
vn -0.3638 -0.9268 0.0927
vn -0.9796 -0.1823 0.0840
vn -0.7427 -0.6258 0.2385
vn -0.8360 -0.3548 0.4185
vn -0.5127 -0.7331 0.4469
vn -0.7156 -0.5754 0.3960
vn -0.4242 -0.8825 0.2030
vn -0.4245 -0.8824 0.2028
vn -0.4241 -0.8826 0.2030
vn -0.9513 -0.2594 0.1665
vn -0.9513 -0.2593 0.1665
vn -0.9513 -0.2593 0.1666
vn -0.4117 -0.8966 0.1632
vn -0.4363 -0.8561 0.2771
vn -0.4552 -0.8095 0.3708
vn -0.6113 -0.7906 -0.0351
vn -0.7138 -0.5992 0.3625
vn -0.7259 -0.5878 0.3573
vn -0.7108 -0.6020 0.3638
vn -0.4831 -0.7727 0.4119
vn -0.5257 -0.7254 0.4443
vn -0.9183 -0.3735 0.1314
vn -0.9257 -0.3304 0.1845
vn -0.9492 -0.2989 0.0984
vn -0.5523 -0.7961 0.2475
vn -0.5515 -0.7954 0.2515
vn -0.5668 -0.8067 0.1670
vn 0.6357 0.7720 0.0044
vn -0.5679 -0.6951 0.4408
vn 0.0205 0.3631 0.9315
vn 0.4440 -0.1732 0.8792
vn -0.0212 -0.3624 -0.9318
vn -0.5154 0.2903 -0.8063
vn 0.6655 -0.6830 0.3012
vn -0.3736 0.7050 0.6029
vn 0.8217 0.5329 -0.2020
vn -0.6597 -0.6865 0.3059
vn 0.2947 0.0397 0.9548
vn 0.9010 0.1515 -0.4064
vn 0.3784 0.9068 -0.1861
vn 0.9352 0.2368 -0.2634
vn 0.9163 0.1241 -0.3808
vn 0.7556 0.6370 -0.1530
vn 0.9010 0.4012 -0.1652
vn 0.7139 0.6996 0.0303
vn -0.7322 -0.3930 0.5563
vn -0.7115 -0.4737 0.5190
vn 0.6885 0.5198 -0.5057
vn -0.3970 -0.9170 0.0387
vn -0.9458 -0.1832 0.2679
vn -0.3638 -0.9296 0.0581
vn -0.7288 -0.5849 0.3559
vn -0.9030 -0.3955 0.1680
vn -0.5339 -0.7799 0.3268
vn 0.5049 0.8618 0.0497
vn -0.9013 0.2678 0.3405
vn -0.8475 0.5287 -0.0476
vn -0.9432 0.2966 0.1496
vn -0.5603 -0.7994 -0.2168
vn 0.0838 -0.6119 0.7865
vn 0.5084 0.0850 0.8569
vn 0.5816 0.3248 0.7458
vn -0.7589 0.0464 0.6496
vn -0.7482 0.0962 0.6565
vn -0.7647 0.0141 0.6442
vn -0.1118 -0.7884 0.6050
vn 0.0738 -0.6227 0.7790
vn -0.2526 0.3996 -0.8812
vn 0.3452 -0.2543 0.9034
vn -0.2114 0.4571 -0.8639
vn -0.5812 -0.3230 -0.7469
vn -0.7912 0.4390 0.4258
vn -0.5049 -0.8618 -0.0497
vn -0.7093 0.7027 0.0559
vn -0.7994 0.5926 0.0991
vn -0.7858 0.6103 0.1007
vn -0.7301 -0.0089 0.6833
vn -0.6808 -0.0028 0.7325
vn -0.8050 0.5889 -0.0721
vn -0.8011 0.4203 0.4261
vn -0.6590 0.6948 0.2881
vn -0.6039 0.4024 0.6880
vn -0.6934 0.5362 0.4813
vn 0.4144 0.8969 -0.1546
vn -0.3452 0.2543 -0.9034
vn -0.5817 -0.3252 -0.7456
vn -0.1677 -0.8253 0.5392
vn -0.7101 0.1225 0.6934
vn -0.7098 0.1224 0.6937
vn -0.7099 0.1224 0.6936
vn -0.7926 0.6083 0.0420
vn -0.6765 0.1926 0.7108
vn -0.6301 0.2877 0.7213
vn -0.7232 0.0812 0.6859
vn -0.0511 0.6464 -0.7613
vn -0.8943 0.0880 0.4388
vn -0.7226 0.5099 0.4668
vn -0.7162 0.5011 0.4857
vn -0.7175 0.5029 0.4820
vn -0.0158 0.6814 -0.7318
vn 0.0449 0.7361 -0.6754
vn 0.2526 -0.3996 0.8812
vn -0.6159 0.3464 0.7076
vn -0.6106 0.4107 0.6771
vn -0.8416 0.5264 0.1211
vn -0.8275 0.5373 0.1628
vn -0.8381 0.5443 0.0358
vn -0.8039 0.5836 0.1147
vn 0.0292 0.7226 -0.6906
vn -0.6048 -0.4584 -0.6512
vn -0.6006 -0.6892 -0.4053
vn -0.4014 0.1527 -0.9031
vn -0.5282 -0.8415 -0.1139
vn 0.1403 -0.5475 0.8250
vn 0.2182 -0.4478 0.8671
vn 0.2855 -0.3507 0.8919
vn 0.6007 0.6885 0.4063
vn 0.3370 -0.2681 0.9025
vn -0.6729 0.3509 0.6512
vn 0.9316 -0.1658 -0.3234
vn -0.5564 -0.2275 -0.7992
vn -0.7413 0.2619 0.6180
vn -0.7914 0.2052 0.5758
vn -0.7438 0.2592 0.6161
vn 0.6343 -0.2830 -0.7194
vn 0.7665 -0.4793 -0.4274
vn 0.6818 -0.3315 -0.6521
vn 0.8264 -0.4025 -0.3938
vn 0.8050 -0.2462 -0.5398
vn 0.9161 -0.3527 -0.1906
vn -0.7531 0.4739 0.4564
vn -0.5711 0.3883 0.7232
vn -0.4829 0.3188 0.8156
vn 0.8926 -0.4445 0.0752
vn -0.8141 0.3977 0.4233
vn -0.8411 0.5356 0.0748
vn -0.6042 0.4908 0.6277
vn -0.7375 0.6097 0.2905
vn -0.8862 0.3121 0.3425
vn -0.7949 0.3036 0.5253
vn 0.6708 -0.5518 -0.4955
vn 0.7651 -0.5619 -0.3143
vn 0.7912 -0.4390 -0.4258
vn 0.6425 -0.5887 -0.4904
vn 0.5444 -0.5288 -0.6511
vn 0.5487 -0.2459 -0.7991
vn 0.6365 -0.7634 -0.1100
vn 0.6977 -0.7060 -0.1218
vn 0.6611 -0.7415 -0.1147
vn 0.6897 -0.2084 -0.6935
vn 0.6798 -0.2281 -0.6971
vn 0.7044 -0.0817 -0.7050
vn 0.6632 -0.7484 0.0091
vn 0.6382 -0.7681 -0.0532
vn 0.5633 -0.1702 -0.8085
vn 0.8428 -0.1384 -0.5202
vn 0.7809 -0.4574 -0.4254
vn 0.8953 -0.4294 -0.1189
vn 0.8715 -0.3321 -0.3609
vn 0.7313 -0.6771 -0.0821
vn 0.7313 -0.6771 -0.0820
vn 0.7312 -0.6771 -0.0824
vn 0.6505 -0.1924 -0.7347
vn 0.6505 -0.1923 -0.7348
vn 0.7007 -0.7089 -0.0805
vn 0.8446 -0.5305 -0.0725
vn 0.7832 -0.6173 -0.0749
vn 0.5821 -0.7312 -0.3558
vn 0.8548 -0.3695 -0.3643
vn 0.8558 -0.3711 -0.3604
vn 0.8507 -0.3631 -0.3800
vn 0.8954 -0.4249 -0.1334
vn 0.8726 -0.4795 -0.0935
vn 0.6593 -0.3063 -0.6867
vn 0.6852 -0.2425 -0.6868
vn 0.6133 -0.2610 -0.7454
vn 0.7825 -0.5877 -0.2055
vn 0.7299 -0.6389 -0.2430
vn 0.7851 -0.5850 -0.2036
vn -0.5678 0.6661 0.4836
vn 0.8521 -0.4952 -0.1695
vn 0.6116 0.5677 0.5511
vn 0.4679 -0.0140 0.8837
vn -0.6116 -0.5670 -0.5518
vn -0.4013 0.1529 -0.9031
vn 0.0281 -0.6695 0.7423
vn 0.4954 0.8683 0.0254
vn -0.7716 0.3639 0.5217
vn 0.7987 -0.5074 -0.3235
vn 0.5564 0.2275 0.7992
vn -0.7708 -0.0258 0.6366
vn -0.7092 0.7039 0.0400
vn -0.7101 0.1225 0.6933
vn -0.7926 0.6084 0.0419
vn -0.7449 -0.0353 0.6662
vn -0.7238 0.5115 0.4630
vn -0.6908 0.3117 0.6524
vn -0.6435 0.3602 0.6753
vn 0.9009 -0.4285 -0.0691
vn 0.8674 -0.4781 -0.1379
vn -0.8414 0.5137 0.1678
vn 0.6052 -0.7892 -0.1041
vn 0.6946 -0.0749 -0.7155
vn 0.7312 -0.6771 -0.0825
vn 0.6121 -0.7882 -0.0642
vn 0.8497 -0.3615 -0.3839
vn 0.6914 -0.3054 -0.6547
vn 0.8302 -0.5322 -0.1663
vn -0.1657 -0.1433 -0.9757
vn 0.7439 -0.2683 0.6121
vn -0.9774 -0.1079 0.1818
vn -0.2112 0.4574 -0.8638
vn -0.6644 -0.3590 -0.6556
vn 0.2112 -0.4574 0.8638
vn -0.7342 0.5092 0.4491
vn -0.7493 0.6615 0.0301
vn 0.1657 0.1433 0.9757
vn 0.8709 0.4001 0.2852
vn 0.0847 0.9366 0.3400
vn 0.4617 -0.5441 0.7005
vn 0.5513 -0.1190 -0.8258
vn 0.6808 0.5130 -0.5228
vn -0.0103 0.8826 0.4700
vn -0.0106 0.8828 0.4696
vn -0.0103 0.8825 0.4701
vn -0.7086 -0.6804 -0.1870
vn 0.9757 0.0458 -0.2143
vn 0.9261 0.3762 -0.0272
vn 0.7334 0.6584 0.1693
vn 0.1166 0.2329 0.9655
vn 0.7558 -0.3203 0.5711
vn -0.2011 0.9209 -0.3340
vn 0.4181 0.4110 -0.8101
vn -0.2062 0.2972 -0.9323
vn -0.4126 -0.6800 0.6061
vn 0.9774 0.1079 -0.1818
vn 0.4477 -0.2362 -0.8624
vn 0.6880 0.6973 0.2010
vn 0.6167 0.7792 0.1119
vn 0.2062 -0.2972 0.9323
vn -0.7359 -0.0017 0.6771
vn -0.0608 0.6684 0.7413
vn -0.0868 -0.8779 0.4710
vn -0.7704 -0.2649 -0.5799
vn -0.9140 0.3369 -0.2261
vn -0.0097 0.8829 0.4694
vn -0.0097 0.8827 0.4699
vn -0.0097 0.8826 0.4700
vn 0.7532 -0.4871 -0.4420
vn -0.9694 -0.2114 0.1251
vn -0.9454 0.1287 0.2993
vn -0.7761 0.4588 0.4326
vn 0.1568 0.2382 0.9585
vn -0.4156 -0.4753 0.7755
vn -0.1609 0.9262 -0.3410
vn -0.7533 0.2560 -0.6058
vn 0.1877 -0.0470 0.9811
vn 0.9999 0.0122 -0.0016
vn -0.7859 -0.4050 0.4672
vn -0.1750 0.8953 -0.4096
vn 0.0101 -0.8827 -0.4698
vn -0.0101 0.8827 0.4698
vn -0.1940 0.1152 -0.9742
vn 0.9672 -0.2114 0.1411
vn 0.5512 -0.3871 0.7391
vn 0.6489 -0.5953 -0.4738
vn 0.1898 -0.8269 0.5293
vn -0.1576 -0.4654 0.8710
vn -0.6337 -0.7370 -0.2352
vn -0.9137 -0.1990 0.3544
vn 0.1054 0.4969 0.8614
vn -0.1894 0.0642 -0.9798
vn -0.0107 0.8829 0.4695
vn -0.0096 0.8830 0.4693
vn 0.4684 0.3364 -0.8170
vn 0.7537 0.2005 -0.6259
vn 0.7663 0.2019 -0.6099
vn 0.3618 0.8805 0.3062
vn 0.2297 0.9413 0.2472
vn 0.3619 0.8806 0.3059
vn 0.7643 0.6448 0.0141
vn 0.5116 0.6270 -0.5874
vn 0.4067 0.8261 -0.3901
vn 0.4461 0.8512 0.2765
vn 0.3316 0.9391 -0.0902
vn -0.2351 0.9601 0.1516
vn 0.1311 0.7974 -0.5891
vn 0.1356 0.7188 0.6819
vn 0.1355 0.7188 0.6819
vn 0.4408 -0.8492 0.2908
vn 0.4959 -0.7371 0.4592
vn 0.7391 0.3471 0.5773
vn 0.8557 0.1136 0.5049
vn 0.9875 0.1442 -0.0637
vn 0.9189 0.0085 0.3945
vn 0.6476 0.0051 0.7620
vn 0.7544 -0.1076 0.6475
vn 0.9455 0.2526 -0.2056
vn -0.8895 -0.3468 0.2976
vn -0.9890 -0.1465 -0.0182
vn -0.9860 -0.1660 0.0184
vn -0.5004 0.7234 -0.4757
vn 0.3031 0.4629 0.8330
vn 0.5393 -0.4332 0.7221
vn -0.3581 -0.3506 -0.8653
vn 0.5381 -0.3775 0.7536
vn -0.3693 -0.3253 -0.8705
vn -0.6851 0.7230 -0.0889
vn -0.1707 0.9041 -0.3918
vn -0.6580 0.7426 -0.1247
vn 0.2650 -0.4233 -0.8664
vn 0.4374 -0.4683 -0.7677
vn 0.4378 -0.4675 -0.7679
vn -0.7903 0.1898 -0.5826
vn -0.2071 0.3828 -0.9003
vn -0.7931 0.1887 -0.5791
vn 0.4358 0.6193 0.6531
vn 0.9812 0.1007 -0.1644
vn 0.9830 0.0756 -0.1673
vn 0.9814 0.1003 -0.1636
vn 0.4477 -0.7740 -0.4477
vn -0.1223 0.9095 -0.3973
vn 0.1793 0.8804 -0.4390
vn 0.8319 -0.5440 -0.1095
vn -0.1774 -0.8785 0.4437
vn 0.3671 -0.9235 0.1115
vn -0.0745 -0.7873 -0.6120
vn -0.0746 -0.7873 -0.6120
vn -0.9843 -0.0690 0.1625
vn -0.9812 -0.1013 0.1644
vn -0.9867 -0.0396 0.1574
vn -0.0358 -0.8249 -0.5642
vn -0.8528 -0.3638 0.3747
vn -0.5589 -0.7680 0.3128
vn 0.8378 -0.3052 -0.4527
vn -0.3271 0.6523 0.6838
vn -0.3463 0.7505 0.5629
vn -0.3395 0.7591 0.5555
vn -0.8300 0.5460 0.1142
vn 0.8189 0.1901 -0.5415
vn -0.5596 -0.7987 -0.2213
vn -0.5853 -0.7051 -0.4003
vn -0.5603 -0.7983 -0.2209
vn -0.0340 -0.8266 -0.5617
vn -0.0570 -0.8049 -0.5906
vn 0.4921 0.1505 0.8575
vn -0.5250 -0.4549 -0.7193
vn -0.5088 -0.4269 -0.7476
vn -0.3240 0.8962 0.3030
vn -0.0368 -0.8240 -0.5654
vn -0.3212 0.9049 0.2792
vn -0.0502 0.9870 0.1529
vn -0.1677 -0.3139 -0.9345
vn 0.2170 0.9435 0.2505
vn 0.5047 0.3280 -0.7986
vn 0.1959 0.7302 -0.6546
vn -0.1257 -0.3226 -0.9381
vn 0.2488 -0.4234 -0.8711
vn 0.8441 0.2800 -0.4572
vn 0.8439 0.2807 -0.4571
vn 0.8436 0.2787 -0.4591
vn -0.6117 0.1888 0.7682
vn -0.9653 0.1376 0.2220
vn -0.6739 -0.2840 0.6820
vn -0.3717 0.5803 0.7247
vn -0.8616 0.4058 0.3050
vn -0.6501 0.6138 0.4479
vn -0.8874 0.4599 -0.0308
vn -0.0235 0.0945 0.9953
vn -0.0188 -0.1762 0.9842
vn -0.5303 -0.3587 0.7682
vn -0.0816 -0.3231 0.9428
vn 0.3190 -0.1038 0.9420
vn -0.3694 -0.3253 -0.8705
vn 0.0343 0.4863 0.8731
vn -0.5848 -0.4187 0.6948
vn -0.5767 -0.4412 0.6876
vn -0.5855 -0.4184 0.6943
vn -0.1715 -0.9792 -0.1083
vn 0.5536 0.4708 -0.6869
vn 0.5704 0.4461 -0.6896
vn 0.5436 0.4876 -0.6832
vn -0.0359 -0.8249 -0.5641
vn 0.3900 0.1167 0.9134
vn -0.9339 0.3558 -0.0353
vn -0.8400 -0.2781 0.4659
vn -0.8402 -0.2774 0.4659
vn -0.8402 -0.2772 0.4660
vn 0.8296 0.1260 -0.5440
vn -0.4903 0.0397 -0.8706
vn 0.4660 -0.8072 0.3623
vn -0.7063 -0.4639 0.5348
vn -0.8320 0.0930 -0.5469
vn 0.8789 -0.4114 0.2415
vn 0.3756 0.2451 0.8938
vn 0.5500 0.3201 0.7714
vn 0.4808 -0.6182 0.6218
vn 0.9750 -0.1653 0.1487
vn -0.8734 0.0650 -0.4827
vn -0.8296 -0.1260 0.5440
vn -0.3471 -0.6468 -0.6791
vn 0.5311 0.1231 0.8383
vn 0.3357 -0.8910 0.3056
vn 0.3856 0.5754 0.7213
vn -0.5462 -0.0192 -0.8374
vn -0.4574 0.7123 -0.5324
vn 0.5181 -0.1809 0.8360
vn 0.0674 0.7946 0.6033
vn -0.8290 -0.4236 0.3650
vn -0.1209 0.3286 -0.9367
vn 0.0134 -0.6981 0.7158
vn 0.4225 0.2606 0.8681
vn 0.2191 0.2104 0.9527
vn 0.5727 -0.5878 0.5714
vn -0.2145 -0.5595 0.8006
vn -0.0405 0.3409 -0.9392
vn -0.4135 0.0248 -0.9102
vn 0.1290 0.4903 0.8620
vn -0.0787 -0.5578 -0.8262
vn -0.0788 -0.5578 -0.8262
vn 0.8290 0.4236 -0.3650
vn 0.3717 0.0703 0.9257
vn 0.5159 -0.8313 0.2068
vn -0.5573 0.6791 -0.4776
vn 0.9830 -0.1676 0.0743
vn 0.9711 -0.2340 0.0478
vn 0.9867 -0.1359 0.0893
vn 0.5026 -0.7163 0.4840
vn 0.3978 0.2565 0.8809
vn 0.9611 0.0783 0.2649
vn 0.9582 0.0959 0.2696
vn 0.9571 0.1021 0.2712
vn 0.9214 0.0919 0.3776
vn 0.9204 0.1252 0.3704
vn 0.9189 0.1499 0.3648
vn 0.9739 0.2267 0.0054
vn 0.9871 -0.0813 0.1382
vn 0.9332 -0.1839 0.3087
vn 0.9659 -0.1322 0.2228
vn 0.9653 -0.1333 0.2247
vn -0.0015 0.8570 0.5153
vn 0.9445 0.2170 -0.2466
vn 0.9631 0.1029 -0.2486
vn 0.9141 0.3256 -0.2416
vn -0.4477 -0.1155 -0.8867
vn 0.9342 -0.2130 0.2863
vn 0.9378 -0.2174 0.2707
vn 0.9389 -0.2025 0.2783
vn -0.3338 -0.4025 -0.8524
vn -0.5241 0.2216 -0.8223
vn -0.5338 0.3087 -0.7872
vn -0.5301 0.2706 -0.8036
vn 0.9897 -0.0958 0.1065
vn 0.9892 -0.0988 0.1079
vn 0.9426 -0.1967 0.2699
vn 0.9305 -0.2249 0.2890
vn -0.5338 0.3087 -0.7873
vn -0.5393 0.4332 -0.7221
vn 0.4566 -0.8242 0.3348
vn 0.3338 0.4025 0.8524
vn -0.2746 -0.5844 0.7636
vn -0.2794 -0.5555 0.7832
vn -0.2590 -0.6416 0.7220
vn -0.2363 -0.2998 0.9243
vn -0.2329 -0.3173 0.9193
vn -0.2374 -0.2938 0.9259
vn -0.1559 -0.2314 0.9603
vn -0.1350 -0.2582 0.9566
vn -0.1712 -0.2113 0.9623
vn -0.5097 -0.2649 0.8185
vn -0.2672 -0.4969 0.8256
vn -0.0639 -0.5143 0.8552
vn -0.1686 -0.5082 0.8446
vn -0.0680 -0.5451 0.8356
vn -0.0812 -0.5406 0.8374
vn -0.0797 -0.5545 0.8283
vn -0.1664 -0.5083 0.8449
vn -0.2861 -0.5185 0.8058
vn -0.0397 -0.5580 0.8289
vn -0.0589 -0.5527 0.8313
vn -0.0197 -0.5454 0.8379
vn -0.6887 -0.3241 0.6485
vn -0.6444 -0.4298 0.6325
vn -0.5888 -0.5340 0.6067
vn -0.0920 -0.5395 0.8370
vn 0.9231 -0.2389 0.3012
vn 0.9208 -0.2494 0.2998
vn -0.5819 -0.4546 0.6743
vn -0.5572 -0.4698 0.6847
vn -0.5392 -0.4759 0.6949
vn 0.9812 0.0633 -0.1824
vn 0.9861 0.0416 -0.1611
vn 0.9893 0.0306 -0.1429
vn 0.9885 0.0445 -0.1443
vn 0.8433 0.2785 -0.4597
vn 0.8421 0.2790 -0.4615
vn -0.8409 -0.2795 0.4634
vn -0.8421 -0.2790 0.4615
vn -0.8406 -0.2794 0.4640
vn 0.9291 0.0780 -0.3616
vn 0.7742 0.1871 -0.6046
vn -0.8817 -0.3617 0.3030
vn -0.8960 -0.3461 0.2782
vn -0.2115 0.3816 -0.8998
vn 0.1882 0.8854 -0.4249
vn -0.9814 -0.1002 0.1636
vn -0.9875 -0.0198 0.1561
vn -0.9868 -0.0290 0.1593
vn -0.3274 0.6522 0.6837
vn -0.8251 0.5496 0.1305
vn -0.5822 -0.6988 -0.4156
vn -0.1281 -0.7277 -0.6738
vn -0.0447 -0.8167 -0.5754
vn 0.0015 -0.8570 -0.5153
vn -0.0448 -0.8167 -0.5754
vn -0.0739 0.9869 0.1437
vn 0.8439 0.2809 -0.4570
vn 0.2384 -0.2786 0.9304
vn 0.5847 0.4188 -0.6947
vn 0.5857 0.4179 -0.6944
vn 0.5502 0.4803 -0.6831
vn 0.4661 -0.8072 0.3623
vn -0.4574 0.7123 -0.5325
vn 0.0134 -0.6982 0.7158
vn -0.5574 0.6791 -0.4776
vn 0.9621 0.0721 0.2632
vn 0.9214 0.0653 0.3830
vn 0.9689 -0.0178 -0.2470
vn 0.9159 -0.2354 0.3251
vn -0.5338 0.3088 -0.7872
vn -0.2317 -0.3235 0.9174
vn -0.1184 -0.2792 0.9529
vn -0.2835 -0.5205 0.8054
vn -0.0349 -0.5661 0.8236
vn -0.7231 -0.2169 0.6558
vn -0.5850 -0.4187 0.6946
vn -0.5465 -0.4641 0.6971
vn 0.9814 0.1003 -0.1639
vn -0.6548 0.7375 0.1656
vn 0.2036 0.2704 0.9410
vn -0.7492 -0.5922 -0.2967
vn 0.7492 0.5922 0.2967
vn 0.6924 0.6517 0.3096
vn 0.9556 0.2193 0.1970
vn 0.7797 0.5558 0.2883
vn 0.7904 0.5422 0.2851
vn 0.8935 0.3779 0.2427
vn 0.2348 0.1814 -0.9550
vn 0.4850 -0.7956 0.3631
vn 0.4063 0.0517 0.9123
vn 0.6145 -0.4543 -0.6450
vn 0.4882 -0.0515 0.8712
vn 0.6758 0.4429 -0.5892
vn -0.0029 -0.4451 0.8955
vn 0.0124 -0.4605 0.8876
vn 0.2491 0.1633 -0.9546
vn 0.5977 0.5561 -0.5775
vn 0.3906 0.7632 -0.5147
vn 0.6354 0.7029 0.3196
vn 0.7941 0.5374 0.2840
vn 0.3854 -0.5027 0.7738
vn 0.1251 0.7852 0.6064
vn -0.3547 0.6955 -0.6249
vn -0.3607 0.5958 -0.7176
vn 0.3603 -0.3535 0.8633
vn -0.1183 -0.6517 -0.7492
vn 0.9313 0.1889 -0.3114
vn -0.9313 -0.1889 0.3114
vn 0.3640 -0.5107 0.7789
vn 0.1183 0.6517 0.7492
vn -0.3248 0.0439 -0.9448
vn -0.4189 -0.5096 -0.7515
vn 0.2637 0.2397 0.9343
vn -0.3444 0.7345 -0.5846
vn -0.2332 -0.3473 -0.9083
vn -0.2426 -0.8587 -0.4514
vn 0.2186 -0.7652 -0.6056
vn 0.0513 -0.4143 -0.9087
vn 0.1551 -0.9793 -0.1301
vn 0.3005 0.0842 0.9500
vn -0.3463 0.1947 -0.9177
vn 0.3444 -0.7345 0.5846
vn -0.7934 -0.5619 0.2342
vn -0.1251 -0.7852 -0.6064
vn 0.3244 -0.8189 0.4735
vn -0.9379 -0.2972 0.1791
vn -0.1482 0.9776 0.1498
vn -0.1482 0.9775 0.1498
vn 0.2464 -0.9564 0.1567
vn -0.3563 0.2961 -0.8862
vn 0.0752 -0.9363 -0.3431
vn -0.0752 0.9363 0.3431
vn -0.2449 0.9576 -0.1517
vn -0.3445 0.7345 -0.5846
vn -0.4124 -0.6778 -0.6087
vn -0.3518 0.6880 -0.6347
vn 0.9164 -0.2151 -0.3374
vn 0.2311 0.3544 0.9061
vn 0.3510 -0.2373 0.9058
vn -0.9222 -0.0659 0.3811
vn 0.9218 0.3081 -0.2354
vn 0.9278 0.2533 -0.2740
vn -0.8906 -0.0196 0.4544
vn -0.0590 -0.8284 0.5571
vn -0.9387 -0.2763 0.2059
vn -0.9388 -0.2763 0.2059
vn -0.9085 -0.3315 0.2545
vn 0.9317 0.0417 -0.3607
vn 0.9064 0.0979 -0.4110
vn 0.1885 -0.5560 -0.8096
vn 0.8975 0.0750 -0.4345
vn 0.6579 -0.6829 0.3174
vn 0.2111 0.6674 0.7141
vn 0.0242 0.6295 0.7766
vn 0.5002 -0.8520 0.1547
vn 0.0219 -0.9490 0.3146
vn 0.3564 -0.2972 0.8858
vn 0.3445 -0.7345 0.5846
vn 0.2074 -0.5478 -0.8105
vn -0.0888 0.8145 -0.5733
vn 0.3247 0.8201 -0.4712
vn -0.2806 0.7604 -0.5858
vn -0.9711 -0.0153 -0.2381
vn -0.9711 -0.0153 -0.2382
vn -0.2074 0.5478 0.8105
vn -0.9382 -0.2479 0.2413
vn 0.3770 -0.2565 0.8900
vn 0.7395 0.5959 0.3130
vn -0.3878 0.8556 -0.3429
vn -0.4773 0.6665 -0.5727
vn 0.1274 0.8366 -0.5329
vn -0.9156 -0.4004 0.0364
vn 0.3179 -0.6642 -0.6766
vn -0.0878 0.4076 0.9089
vn 0.4297 0.6770 0.5975
vn -0.1103 0.6961 -0.7095
vn 0.2727 0.5335 -0.8006
vn -0.2862 0.7297 -0.6210
vn -0.8994 0.3800 0.2162
vn -0.4297 -0.6770 -0.5975
vn 0.2483 -0.9658 0.0746
vn 0.5715 -0.3300 -0.7513
vn -0.4481 0.5234 -0.7248
vn -0.4652 0.7331 -0.4962
vn 0.0893 0.6266 -0.7742
vn -0.8347 0.0454 0.5488
vn 0.5313 0.5118 0.6751
vn -0.3093 -0.8127 -0.4938
vn -0.9166 -0.1283 0.3788
vn -0.5538 0.7202 -0.4178
vn -0.5539 0.7202 -0.4178
vn -0.8004 0.5919 -0.0951
vn -0.4011 0.7359 -0.5455
vn 0.5808 0.2995 -0.7570
vn 0.9166 0.1283 -0.3788
vn 0.3294 -0.2661 0.9059
vn -0.5715 0.3300 0.7513
vn -0.2150 0.8906 -0.4007
vn -0.2160 0.7195 -0.6600
vn -0.6970 0.6694 -0.2572
vn 0.8347 -0.0454 -0.5488
vn -0.3923 -0.8082 -0.4392
vn 0.4483 0.5163 0.7297
vn -0.5754 0.6017 -0.5540
vn -0.8524 0.3053 -0.4245
vn -0.4066 0.7052 -0.5808
vn 0.6525 0.6947 -0.3026
vn 0.2007 -0.9755 0.0905
vn -0.7395 -0.5959 -0.3130
vn -0.2753 0.5584 -0.7825
vn -0.2039 0.7861 -0.5835
vn -0.7351 0.4594 -0.4986
vn 0.9156 0.4004 -0.0364
vn -0.1789 0.3678 0.9126
vn 0.2268 -0.7040 -0.6730
vn 0.9382 0.2479 -0.2413
vn -0.3187 0.8366 -0.4457
vn -0.3638 0.4427 -0.8196
vn 0.2978 -0.8871 0.3527
vn -0.3918 -0.7233 0.5686
vn 0.2768 -0.9227 0.2683
vn 0.3145 -0.8482 0.4262
vn 0.8722 -0.4669 0.1460
vn 0.3501 -0.6997 0.6228
vn 0.4160 -0.9089 0.0272
vn 0.0299 -0.9873 0.1563
vn 0.1763 0.5143 0.8393
vn 0.2902 -0.8840 0.3666
vn 0.3045 -0.8728 0.3814
vn 0.5924 -0.1912 -0.7826
vn 0.9204 0.1607 -0.3565
vn -0.8219 -0.4781 -0.3097
vn -0.8219 -0.4781 -0.3098
vn -0.9395 -0.2166 0.2653
vn -0.8167 -0.4790 0.3218
vn -0.4017 0.1750 0.8989
vn -0.9377 -0.2992 0.1765
vn -0.5081 0.3778 0.7740
vn -0.5080 0.3778 0.7740
vn 0.5041 0.4640 0.7284
vn 0.9949 0.0990 -0.0193
vn -0.3259 -0.8440 -0.4259
vn 0.5798 -0.5550 -0.5965
vn -0.7895 -0.5636 -0.2430
vn 0.7895 0.5636 0.2430
vn 0.5080 -0.3778 -0.7740
vn 0.5081 -0.3778 -0.7740
vn 0.0453 -0.6090 -0.7918
vn -0.0453 0.6090 0.7919
vn 0.9377 0.2992 -0.1765
vn 0.5799 -0.5550 -0.5965
vn -0.3260 -0.8440 -0.4259
vn 0.0453 -0.6090 -0.7919
vn -0.0453 0.6090 0.7918
vn -0.9882 -0.1432 0.0537
vn -0.5676 0.5196 0.6386
vn -0.3504 -0.8126 -0.4658
vn 0.5676 -0.5196 -0.6386
vn 0.3504 0.8126 0.4658
vn -0.8478 -0.4426 0.2920
vn 0.4272 -0.2202 -0.8770
vn -0.4909 -0.5131 -0.7041
vn -0.4272 0.2202 0.8770
vn 0.8478 0.4426 -0.2920
vn 0.4909 0.5131 0.7041
vn 0.9882 0.1432 -0.0537
vn 0.9552 -0.1196 -0.2706
vn 0.7549 0.4096 0.5123
vn 0.8966 0.0728 -0.4367
vn 0.6893 0.6207 0.3737
vn 0.8966 0.0729 -0.4367
vn -0.1112 0.3392 0.9341
vn -0.7770 -0.2604 0.5731
vn 0.2894 -0.7192 -0.6317
vn 0.6892 0.6207 0.3737
vn -0.5767 -0.7896 -0.2098
vn 0.6374 -0.2742 -0.7201
vn -0.6374 0.2742 0.7201
vn -0.6893 -0.6207 -0.3737
vn -0.2782 -0.6746 -0.6837
vn 0.2782 0.6746 0.6837
vn -0.8966 -0.0729 0.4367
vn -0.8966 -0.0728 0.4367
vn -0.6892 -0.6207 -0.3738
vn 0.7549 0.4096 0.5122
vn 0.6892 0.6207 0.3738
vn -0.6892 -0.6207 -0.3737
vn 0.8076 0.2210 -0.5467
vn 0.6046 0.7574 0.2467
vn 0.2732 -0.6861 -0.6743
vn -0.6046 -0.7574 -0.2467
vn -0.2732 0.6861 0.6743
vn 0.9480 -0.0784 -0.3084
vn -0.7450 -0.4579 -0.4851
vn 0.1328 -0.3866 -0.9126
vn 0.7450 0.4579 0.4851
vn -0.9480 0.0784 0.3084
vn -0.1328 0.3866 0.9126
vn -0.8076 -0.2210 0.5467
vn 0.3104 -0.8799 0.3598
vn 0.3173 -0.8641 0.3906
vn 0.2974 -0.8682 0.3973
vn -0.3444 0.7345 -0.5847
vn 0.3946 0.6783 0.6198
vn -0.3433 0.1700 -0.9237
vn 0.8352 -0.0446 -0.5481
vn -0.8352 0.0446 0.5481
vn -0.3629 0.5519 -0.7508
vn -0.3544 0.2728 -0.8944
vn 0.4437 -0.8943 0.0586
vn 0.3204 -0.0187 0.9471
vn 0.5306 -0.1402 0.8359
vn -0.1692 0.5640 0.8083
vn -0.9159 -0.3998 0.0373
vn 0.9159 0.3998 -0.0373
vn -0.3630 0.5519 -0.7508
vn 0.0226 -0.9797 0.1994
vn 0.1443 -0.2186 0.9651
vn 0.5946 0.0269 0.8036
vn -0.3208 0.8303 -0.4558
vn 0.6685 -0.6101 0.4252
vn -0.2795 -0.1773 -0.9436
vn 0.0197 -0.0897 0.9958
vn -0.0299 -0.7518 0.6587
vn -0.3543 0.2728 -0.8944
vn 0.4272 -0.0096 0.9041
vn 0.8237 0.4166 -0.3848
vn -0.8237 -0.4166 0.3848
vn 0.3729 -0.9091 -0.1858
vn -0.3729 0.9091 0.1858
vn -0.4272 0.0096 -0.9041
vn 0.2139 -0.0528 0.9754
vn -0.9749 0.0518 0.2165
vn 0.9749 -0.0518 -0.2165
vn -0.0619 -0.9973 -0.0404
vn 0.0619 0.9973 0.0404
vn -0.2139 0.0528 -0.9754
vn -0.1755 -0.7771 -0.6044
vn -0.2152 0.0304 -0.9761
vn 0.1755 0.7771 0.6044
vn -0.0892 -0.9820 -0.1667
vn -0.0051 -0.9775 0.2107
vn -0.0548 0.8868 -0.4588
vn -0.2024 -0.6109 -0.7654
vn 0.2217 0.3146 0.9230
vn -0.7888 -0.2564 0.5586
vn -0.7888 -0.2563 0.5586
vn 0.3895 0.5091 -0.7676
vn -0.9788 0.2036 0.0224
vn -0.2650 -0.3171 -0.9106
vn -0.4187 -0.0109 -0.9081
vn -0.0518 0.7310 0.6804
vn 0.5647 -0.5405 0.6237
vn 0.0518 -0.7310 -0.6804
vn 0.3143 -0.9001 -0.3016
vn -0.5378 0.7889 -0.2973
vn -0.0802 -0.5861 -0.8062
vn 0.2617 0.3227 0.9096
vn 0.9937 0.1052 -0.0373
vn -0.9104 0.2454 -0.3330
vn 0.6605 0.5361 -0.5256
vn 0.1844 0.4928 0.8504
vn 0.7958 0.4366 0.4196
vn 0.7422 0.5944 0.3096
vn 0.9812 0.0392 -0.1890
vn 0.5749 -0.3273 -0.7499
vn 0.6319 -0.4667 -0.6188
vn -0.0475 -0.7847 -0.6181
vn -0.7422 -0.5944 -0.3096
vn -0.6589 -0.7285 -0.1872
vn -0.8443 -0.3311 0.4213
vn -0.5749 0.3273 0.7499
vn -0.4950 0.1748 0.8511
vn -0.3265 0.0543 -0.9436
vn 0.1585 -0.9800 -0.1204
vn 0.1460 0.5895 0.7944
vn 0.3265 -0.0543 0.9436
vn -0.1895 0.9815 0.0286
vn 0.7251 0.4587 -0.5136
vn 0.3966 -0.0171 -0.9178
vn -0.0244 0.8854 0.4641
vn 0.5508 0.8326 0.0589
vn -0.6635 0.5863 0.4648
vn -0.8177 -0.2634 -0.5119
vn -0.9920 0.1104 0.0605
vn -0.2425 -0.3163 -0.9172
vn 0.7021 0.4786 -0.5272
vn -0.2748 -0.1964 -0.9412
vn 0.6955 0.3193 -0.6437
vn -0.1453 0.9767 0.1578
vn -0.1454 0.9767 0.1578
vn -0.1196 0.9662 0.2284
vn -0.3634 0.5377 -0.7608
vn 0.8676 0.0112 -0.4971
vn 0.3013 -0.8799 0.3675
vn -0.9297 -0.3534 0.1038
vn -0.8948 -0.0684 0.4412
vn -0.3175 0.8399 -0.4401
vn 0.9374 0.3032 -0.1713
vn 0.3601 -0.6051 0.7100
vn -0.9900 0.1354 0.0385
vn -0.9967 -0.0239 -0.0780
vn 0.8834 0.0313 0.4675
vn 0.1016 -0.9558 -0.2759
vn 0.0838 0.7208 0.6880
vn -0.2783 0.9206 -0.2740
vn 0.3181 -0.0057 0.9480
vn -0.2567 -0.2658 -0.9292
vn -0.2020 0.9793 -0.0100
vn 0.9222 0.3590 -0.1438
vn -0.3023 -0.0758 -0.9502
vn 0.3076 0.0496 0.9502
vn -0.3889 -0.2268 0.8929
vn -0.8873 -0.0080 0.4612
vn -0.9749 0.0518 0.2166
vn 0.9749 -0.0518 -0.2166
vn 0.3895 0.5090 -0.7676
vn 0.8237 0.4166 -0.3847
vt 0.416866 0.612329
vt 0.385812 0.641591
vt 0.385812 0.612329
vt 0.454072 0.539281
vt 0.485126 0.526316
vt 0.485126 0.539281
vt 0.416866 0.501951
vt 0.385812 0.519817
vt 0.385812 0.501951
vt 0.416866 0.539281
vt 0.385812 0.608959
vt 0.385812 0.539281
vt 0.286554 0.568474
vt 0.286554 0.582590
vt 0.323176 0.582590
vt 0.381720 0.539281
vt 0.381720 0.608959
vt 0.352458 0.539281
vt 0.396780 0.841114
vt 0.354354 0.854469
vt 0.354354 0.841114
vt 0.396780 0.798938
vt 0.354354 0.837931
vt 0.354354 0.798938
vt 0.439221 0.850053
vt 0.400689 0.813955
vt 0.439220 0.813953
vt 0.365510 0.943463
vt 0.374948 0.899573
vt 0.395944 0.909261
vt 0.439225 0.947892
vt 0.400694 0.978329
vt 0.400693 0.947893
vt 0.439223 0.909260
vt 0.400693 0.943462
vt 0.400692 0.909261
vt 0.249074 0.556571
vt 0.271805 0.528052
vt 0.271805 0.556571
vt 0.323176 0.501951
vt 0.279284 0.524682
vt 0.279284 0.501951
vt 0.323176 0.586201
vt 0.286554 0.608932
vt 0.286554 0.586201
vt 0.279284 0.556571
vt 0.323176 0.528052
vt 0.325824 0.528052
vt 0.348555 0.582590
vt 0.325824 0.582590
vt 0.249074 0.584635
vt 0.271805 0.570519
vt 0.271805 0.584635
vt 0.249074 0.570519
vt 0.339883 0.846802
vt 0.350818 0.854469
vt 0.350818 0.882532
vt 0.291499 0.896211
vt 0.249073 0.939763
vt 0.249073 0.896211
vt 0.396780 0.854469
vt 0.354354 0.882532
vt 0.396780 0.882532
vt 0.354354 0.895887
vt 0.416866 0.523187
vt 0.385812 0.536152
vt 0.385812 0.523187
vt 0.454072 0.608959
vt 0.485126 0.608959
vt 0.439222 0.881750
vt 0.400692 0.904874
vt 0.400691 0.881752
vt 0.464649 0.899570
vt 0.485645 0.909258
vt 0.474091 0.943459
vt 0.439222 0.877961
vt 0.400690 0.854840
vt 0.439221 0.854839
vt 0.339883 0.890199
vt 0.279050 0.696552
vt 0.314142 0.703480
vt 0.279050 0.703481
vt 0.331229 0.612955
vt 0.320759 0.619884
vt 0.320760 0.612954
vt 0.264946 0.665276
vt 0.264946 0.623964
vt 0.270229 0.659489
vt 0.483034 0.682866
vt 0.451085 0.662716
vt 0.483034 0.662716
vt 0.367563 0.612956
vt 0.363925 0.619885
vt 0.363925 0.612956
vt 0.264947 0.619883
vt 0.264947 0.612953
vt 0.443929 0.757499
vt 0.450859 0.757499
vt 0.450859 0.768172
vt 0.331229 0.619884
vt 0.260837 0.665253
vt 0.253907 0.623941
vt 0.260837 0.623941
vt 0.314141 0.696550
vt 0.325950 0.703480
vt 0.445153 0.754315
vt 0.435612 0.714441
vt 0.445153 0.707481
vt 0.432070 0.662745
vt 0.446662 0.682866
vt 0.432070 0.682895
vt 0.482808 0.768172
vt 0.489738 0.757499
vt 0.489738 0.789001
vt 0.450753 0.612953
vt 0.482702 0.612953
vt 0.489632 0.628854
vt 0.350006 0.686302
vt 0.347441 0.683721
vt 0.368891 0.659042
vt 0.306520 0.748820
vt 0.269585 0.748820
vt 0.306883 0.712768
vt 0.346099 0.696549
vt 0.325950 0.696550
vt 0.450859 0.789001
vt 0.327465 0.763400
vt 0.328906 0.771486
vt 0.310509 0.758680
vt 0.267889 0.712768
vt 0.309276 0.706955
vt 0.253907 0.731524
vt 0.260317 0.731219
vt 0.304696 0.754634
vt 0.266076 0.754634
vt 0.263991 0.706955
vt 0.347506 0.744878
vt 0.334957 0.732413
vt 0.483034 0.703583
vt 0.451085 0.688990
vt 0.483034 0.688990
vt 0.482773 0.754315
vt 0.450824 0.707481
vt 0.482773 0.707481
vt 0.443823 0.628854
vt 0.450753 0.643446
vt 0.428308 0.726395
vt 0.350006 0.694446
vt 0.428308 0.694446
vt 0.446662 0.662716
vt 0.428308 0.686302
vt 0.425675 0.645072
vt 0.279293 0.637403
vt 0.367562 0.619885
vt 0.431988 0.773557
vt 0.398930 0.740769
vt 0.398568 0.776821
vt 0.402557 0.786681
vt 0.420954 0.799488
vt 0.419514 0.791402
vt 0.401324 0.734955
vt 0.359936 0.740769
vt 0.345954 0.759525
vt 0.361631 0.776821
vt 0.352363 0.759220
vt 0.396743 0.782635
vt 0.439555 0.772879
vt 0.427006 0.760413
vt 0.249073 0.807809
vt 0.291499 0.890199
vt 0.249073 0.890199
vt 0.420477 0.539281
vt 0.426175 0.527635
vt 0.449739 0.539281
vt 0.249073 0.758951
vt 0.291499 0.802504
vt 0.249073 0.802504
vt 0.376022 0.527635
vt 0.358156 0.527635
vt 0.353954 0.909263
vt 0.296330 0.807809
vt 0.296330 0.890199
vt 0.443655 0.909260
vt 0.339883 0.807809
vt 0.443929 0.789001
vt 0.482808 0.757499
vt 0.482702 0.643446
vt 0.420477 0.608959
vt 0.449739 0.608959
vt 0.358122 0.782635
vt 0.356038 0.734955
vt 0.416866 0.641591
vt 0.454072 0.526316
vt 0.416866 0.519817
vt 0.416866 0.608959
vt 0.279284 0.528052
vt 0.352458 0.608959
vt 0.396780 0.837931
vt 0.400690 0.850054
vt 0.395945 0.943462
vt 0.439226 0.978327
vt 0.439225 0.943460
vt 0.249074 0.528052
vt 0.323176 0.524682
vt 0.323176 0.608932
vt 0.348555 0.528052
vt 0.291499 0.939763
vt 0.396780 0.895887
vt 0.416866 0.536152
vt 0.439223 0.904873
vt 0.443656 0.943460
vt 0.400691 0.877963
vt 0.320758 0.623964
vt 0.322501 0.634288
vt 0.319999 0.637403
vt 0.345479 0.657549
vt 0.343084 0.660287
vt 0.321108 0.683899
vt 0.314148 0.693438
vt 0.315883 0.680261
vt 0.279057 0.693438
vt 0.281167 0.680261
vt 0.451085 0.682866
vt 0.253907 0.665252
vt 0.435611 0.749534
vt 0.482808 0.789001
vt 0.489632 0.612953
vt 0.443823 0.612953
vt 0.369973 0.648628
vt 0.339940 0.745556
vt 0.346099 0.703479
vt 0.451085 0.703583
vt 0.450824 0.754315
vt 0.489632 0.658038
vt 0.482702 0.658038
vt 0.450753 0.658038
vt 0.443823 0.658038
vt 0.350006 0.726395
vt 0.291499 0.807809
vt 0.444041 0.527635
vt 0.291499 0.758951
vt 0.494585 0.134758
vt 0.465140 0.099786
vt 0.494585 0.099786
vt 0.400341 0.416638
vt 0.408235 0.386802
vt 0.423017 0.410282
vt 0.396031 0.105439
vt 0.426540 0.137138
vt 0.396031 0.137138
vt 0.357975 0.133269
vt 0.387921 0.073015
vt 0.364313 0.099532
vt 0.370150 0.073015
vt 0.365577 0.047419
vt 0.391016 0.034147
vt 0.392494 0.047419
vt 0.353992 0.420351
vt 0.371722 0.409396
vt 0.367661 0.424822
vt 0.240857 0.386951
vt 0.261526 0.430856
vt 0.240857 0.430856
vt 0.272444 0.386951
vt 0.300324 0.430985
vt 0.265232 0.430985
vt 0.304592 0.208422
vt 0.283915 0.139451
vt 0.304592 0.139451
vt 0.345274 0.212245
vt 0.308067 0.232922
vt 0.308067 0.212245
vt 0.362669 0.157591
vt 0.383345 0.213877
vt 0.362669 0.213877
vt 0.362669 0.139450
vt 0.383345 0.157591
vt 0.308067 0.139451
vt 0.347974 0.139451
vt 0.359020 0.153840
vt 0.347974 0.114951
vt 0.308067 0.135628
vt 0.308067 0.114951
vt 0.411796 0.327070
vt 0.431238 0.378816
vt 0.414751 0.385786
vt 0.371779 0.425967
vt 0.377180 0.410267
vt 0.428518 0.425953
vt 0.415276 0.470574
vt 0.400426 0.441431
vt 0.385620 0.470598
vt 0.385773 0.476138
vt 0.420671 0.491818
vt 0.378289 0.491817
vt 0.213181 0.382548
vt 0.188337 0.330308
vt 0.220882 0.330308
vt 0.494585 0.042424
vt 0.465140 0.042424
vt 0.426540 0.105439
vt 0.450499 0.139617
vt 0.450499 0.102960
vt 0.460331 0.136011
vt 0.328186 0.385037
vt 0.344833 0.406222
vt 0.328186 0.406222
vt 0.380846 0.473754
vt 0.354295 0.424794
vt 0.367930 0.429371
vt 0.421158 0.473914
vt 0.446418 0.425005
vt 0.428238 0.489433
vt 0.386503 0.384376
vt 0.366895 0.395581
vt 0.366851 0.363102
vt 0.471338 0.409652
vt 0.452265 0.396503
vt 0.471338 0.396503
vt 0.392023 0.386812
vt 0.392200 0.325548
vt 0.471338 0.371798
vt 0.452265 0.334629
vt 0.471338 0.334629
vt 0.272444 0.483494
vt 0.240857 0.484994
vt 0.261526 0.484994
vt 0.390289 0.325667
vt 0.360664 0.334421
vt 0.426915 0.409462
vt 0.445493 0.404589
vt 0.443915 0.420184
vt 0.431191 0.424829
vt 0.408244 0.259897
vt 0.439976 0.324498
vt 0.417796 0.324498
vt 0.408244 0.218555
vt 0.438565 0.153954
vt 0.449528 0.218555
vt 0.459051 0.141954
vt 0.493198 0.165307
vt 0.447084 0.165307
vt 0.447024 0.180494
vt 0.493259 0.180494
vt 0.452265 0.371798
vt 0.455811 0.209318
vt 0.484471 0.209318
vt 0.345943 0.357816
vt 0.344832 0.385037
vt 0.324187 0.333374
vt 0.327075 0.357816
vt 0.449528 0.259897
vt 0.032853 0.420023
vt 0.126472 0.391526
vt 0.126472 0.420091
vt 0.126978 0.330356
vt 0.110234 0.381113
vt 0.029089 0.330356
vt 0.132182 0.330356
vt 0.166459 0.381113
vt 0.183070 0.330356
vt 0.132263 0.321661
vt 0.036515 0.307539
vt 0.132263 0.264988
vt 0.331150 0.432946
vt 0.303855 0.431105
vt 0.319178 0.389961
vt 0.450509 0.040727
vt 0.444322 0.032711
vt 0.429729 0.040373
vt 0.429729 0.065646
vt 0.414494 0.099799
vt 0.450509 0.099799
vt 0.404323 0.074457
vt 0.404323 0.048097
vt 0.444322 0.008038
vt 0.413452 0.002195
vt 0.413954 0.476138
vt 0.433668 0.429578
vt 0.132182 0.381113
vt 0.117008 0.144668
vt 0.162380 0.180848
vt 0.112593 0.180848
vt 0.110296 0.209921
vt 0.167651 0.189434
vt 0.215285 0.237228
vt 0.173482 0.237228
vt 0.164805 0.144433
vt 0.221116 0.189434
vt 0.116537 0.113525
vt 0.157965 0.141789
vt 0.117008 0.141789
vt 0.167133 0.231865
vt 0.164677 0.209921
vt 0.209625 0.126185
vt 0.248742 0.114868
vt 0.237721 0.134002
vt 0.163638 0.116026
vt 0.176429 0.141235
vt 0.207610 0.096143
vt 0.169253 0.390522
vt 0.202782 0.398648
vt 0.202782 0.415791
vt 0.465140 0.134758
vt 0.357975 0.109307
vt 0.393758 0.099532
vt 0.367055 0.034147
vt 0.364168 0.397236
vt 0.261526 0.386951
vt 0.293112 0.386951
vt 0.283915 0.208422
vt 0.345274 0.232922
vt 0.383345 0.139450
vt 0.345274 0.208422
vt 0.308067 0.208422
vt 0.347974 0.135628
vt 0.437515 0.334953
vt 0.196038 0.382548
vt 0.460331 0.106566
vt 0.373068 0.489288
vt 0.374117 0.407941
vt 0.452265 0.409652
vt 0.408413 0.325580
vt 0.293112 0.483494
vt 0.419207 0.153954
vt 0.481232 0.141954
vt 0.348832 0.333374
vt 0.032853 0.391594
vt 0.126978 0.381113
vt 0.036515 0.279110
vt 0.182038 0.277053
vt 0.182038 0.309596
vt 0.316240 0.483807
vt 0.395977 0.037274
vt 0.157965 0.144668
vt 0.223962 0.144433
vt 0.158436 0.113525
vt 0.107840 0.231865
vt 0.169253 0.423918
vt 0.152876 0.421503
vt 0.152876 0.392937
vt 0.215467 0.015727
vt 0.235951 0.007757
vt 0.235951 0.063890
vt 0.185665 0.042438
vt 0.156162 0.021298
vt 0.163742 0.012956
vt 0.133926 0.019128
vt 0.125838 0.067167
vt 0.125838 0.011034
vt 0.125838 0.078198
vt 0.133926 0.097248
vt 0.125838 0.101717
vt 0.256470 0.049041
vt 0.278618 0.019002
vt 0.296867 0.035797
vt 0.281324 0.015156
vt 0.303076 0.019812
vt 0.299573 0.031951
vt 0.314709 0.027458
vt 0.333836 0.009856
vt 0.361746 0.047709
vt 0.081197 0.102265
vt 0.112604 0.126785
vt 0.081197 0.126785
vt 0.133926 0.078198
vt 0.174649 0.053122
vt 0.163617 0.091152
vt 0.146420 0.074519
vt 0.175305 0.096471
vt 0.178281 0.053122
vt 0.188837 0.049821
vt 0.147087 0.106685
vt 0.163617 0.095052
vt 0.167736 0.103783
vt 0.159954 0.010710
vt 0.138196 0.014111
vt 0.139471 0.002739
vt 0.310494 0.102064
vt 0.300998 0.035797
vt 0.310494 0.027463
vt 0.276054 0.014871
vt 0.243103 0.040514
vt 0.271012 0.002660
vt 0.252054 0.049041
vt 0.253746 0.103316
vt 0.240392 0.048948
vt 0.296869 0.115634
vt 0.269496 0.106145
vt 0.296867 0.106137
vt 0.081197 0.071366
vt 0.112604 0.005795
vt 0.112604 0.071366
vt 0.067672 0.001951
vt 0.036265 0.021484
vt 0.036265 0.001951
vt 0.067672 0.117307
vt 0.036265 0.099390
vt 0.067672 0.099390
vt 0.072016 0.088630
vt 0.112604 0.102265
vt 0.121785 0.088630
vt 0.067672 0.094466
vt 0.036265 0.025328
vt 0.067672 0.025328
vt 0.021222 0.093307
vt 0.030115 0.108860
vt 0.005596 0.108740
vt 0.030115 0.024743
vt 0.007371 0.073892
vt 0.018246 0.009229
vt 0.002012 0.092698
vt 0.193544 0.045209
vt 0.207077 0.091858
vt 0.227726 0.071242
vt 0.283948 0.002209
vt 0.133926 0.067167
vt 0.153921 0.025247
vt 0.138196 0.019128
vt 0.138196 0.067167
vt 0.300998 0.102067
vt 0.081197 0.005795
vt 0.006642 0.257213
vt 0.089651 0.267214
vt 0.006642 0.267214
vt 0.089651 0.187364
vt 0.006642 0.197366
vt 0.006642 0.187364
vt 0.276181 0.328390
vt 0.266822 0.249891
vt 0.266821 0.328390
vt 0.228800 0.302397
vt 0.239838 0.312911
vt 0.225345 0.312911
vt 0.242824 0.292459
vt 0.211310 0.257059
vt 0.224961 0.298903
vt 0.216211 0.305680
vt 0.404337 0.320685
vt 0.380044 0.289228
vt 0.404337 0.289228
vt 0.334455 0.236445
vt 0.310162 0.311440
vt 0.310162 0.236445
vt 0.339070 0.329883
vt 0.363362 0.314184
vt 0.363362 0.329883
vt 0.374062 0.286266
vt 0.339500 0.311440
vt 0.339500 0.236445
vt 0.334408 0.314098
vt 0.310116 0.329797
vt 0.310116 0.314098
vt 0.380044 0.235956
vt 0.404337 0.235956
vt 0.225345 0.338071
vt 0.239838 0.317176
vt 0.239838 0.338071
vt 0.220037 0.250053
vt 0.257617 0.350357
vt 0.246125 0.368755
vt 0.246125 0.341045
vt 0.274401 0.350357
vt 0.285111 0.368755
vt 0.274401 0.368755
vt 0.261440 0.371933
vt 0.269472 0.382643
vt 0.257273 0.382643
vt 0.269472 0.332065
vt 0.261440 0.346257
vt 0.257273 0.332065
vt 0.103794 0.202073
vt 0.093792 0.253237
vt 0.103794 0.253237
vt 0.269472 0.350357
vt 0.261440 0.368755
vt 0.261440 0.350357
vt 0.236382 0.298903
vt 0.223877 0.250053
vt 0.241306 0.250053
vt 0.306208 0.245911
vt 0.281913 0.236551
vt 0.306208 0.236551
vt 0.257617 0.368755
vt 0.285111 0.341045
vt 0.269472 0.371933
vt 0.089651 0.130951
vt 0.006642 0.182115
vt 0.006642 0.130951
vt 0.006642 0.202073
vt 0.089651 0.253237
vt 0.006642 0.253237
vt 0.225345 0.341565
vt 0.244738 0.369457
vt 0.220444 0.369457
vt 0.220444 0.381503
vt 0.244738 0.372144
vt 0.244738 0.381503
vt 0.223877 0.245605
vt 0.244739 0.234954
vt 0.241306 0.245605
vt 0.306208 0.249983
vt 0.281913 0.328482
vt 0.281913 0.249983
vt 0.355199 0.311440
vt 0.126611 0.492736
vt 0.106663 0.428218
vt 0.126611 0.428218
vt 0.075797 0.492736
vt 0.023754 0.428218
vt 0.075796 0.428218
vt 0.101976 0.492736
vt 0.082028 0.428218
vt 0.101976 0.428218
vt 0.185308 0.450205
vt 0.133265 0.430256
vt 0.185308 0.430256
vt 0.185731 0.482241
vt 0.133688 0.462293
vt 0.185731 0.462293
vt 0.227726 0.094760
vt 0.176891 0.049172
vt 0.296867 0.102067
vt 0.269496 0.102075
vt 0.348391 0.102077
vt 0.314709 0.102059
vt 0.146420 0.093568
vt 0.167248 0.091152
vt 0.146420 0.097469
vt 0.153921 0.020230
vt 0.253906 0.044910
vt 0.265080 0.102075
vt 0.263187 0.115642
vt 0.067672 0.021484
vt 0.036265 0.117307
vt 0.036265 0.094466
vt 0.089651 0.257213
vt 0.089651 0.197366
vt 0.276181 0.249891
vt 0.236382 0.302397
vt 0.242824 0.313353
vt 0.380044 0.320685
vt 0.334455 0.311440
vt 0.339070 0.314184
vt 0.355199 0.236445
vt 0.334408 0.329797
vt 0.225345 0.317176
vt 0.269472 0.346257
vt 0.093792 0.202073
vt 0.269472 0.368755
vt 0.228800 0.298903
vt 0.281913 0.245911
vt 0.089651 0.182115
vt 0.089651 0.202073
vt 0.239838 0.341565
vt 0.220444 0.372144
vt 0.220444 0.234954
vt 0.306208 0.328483
vt 0.106663 0.492736
vt 0.023754 0.492736
vt 0.082028 0.492736
vt 0.133265 0.450205
vt 0.133688 0.482241
vt 0.062087 0.666277
vt 0.011724 0.651956
vt 0.015941 0.631642
vt 0.106616 0.575068
vt 0.134002 0.534433
vt 0.123419 0.577041
vt 0.083294 0.601411
vt 0.129199 0.587355
vt 0.123743 0.607674
vt 0.078829 0.622373
vt 0.121852 0.627467
vt 0.004170 0.829408
vt 0.027962 0.752573
vt 0.028322 0.829405
vt 0.143261 0.616402
vt 0.004508 0.749517
vt 0.027954 0.695492
vt 0.027962 0.749514
vt 0.135487 0.575811
vt 0.206045 0.557574
vt 0.203036 0.575811
vt 0.004501 0.692074
vt 0.004497 0.661959
vt 0.016223 0.661957
vt 0.047323 0.608297
vt 0.040634 0.594848
vt 0.069576 0.567835
vt 0.033827 0.570121
vt 0.027316 0.599280
vt 0.016599 0.574355
vt 0.086134 0.575055
vt 0.220923 0.631538
vt 0.174813 0.666219
vt 0.170086 0.627352
vt 0.004174 0.860543
vt 0.028575 0.876560
vt 0.003929 0.876563
vt 0.046965 0.553586
vt 0.047386 0.537715
vt 0.052498 0.553586
vt 0.046965 0.565646
vt 0.052499 0.565646
vt 0.004174 0.857058
vt 0.028322 0.832127
vt 0.028325 0.857055
vt 0.041852 0.537715
vt 0.044393 0.505401
vt 0.076733 0.510798
vt 0.082825 0.506022
vt 0.084473 0.511306
vt 0.213231 0.600190
vt 0.187083 0.581954
vt 0.214736 0.581955
vt 0.137585 0.785092
vt 0.109822 0.748527
vt 0.121048 0.744473
vt 0.137587 0.670791
vt 0.101288 0.631797
vt 0.135577 0.631780
vt 0.245636 0.663431
vt 0.234774 0.670036
vt 0.221571 0.656932
vt 0.104675 0.566227
vt 0.089072 0.548911
vt 0.101461 0.545502
vt 0.089072 0.540411
vt 0.098755 0.528050
vt 0.069090 0.555331
vt 0.066607 0.543798
vt 0.085155 0.549841
vt 0.238500 0.652266
vt 0.188587 0.600189
vt 0.158327 0.593136
vt 0.144533 0.673953
vt 0.212079 0.673952
vt 0.178307 0.719663
vt 0.075085 0.505514
vt 0.049817 0.507583
vt 0.048170 0.502299
vt 0.033885 0.546481
vt 0.019833 0.555448
vt 0.004134 0.522727
vt 0.133149 0.508871
vt 0.088869 0.511118
vt 0.089150 0.505591
vt 0.242440 0.705309
vt 0.217679 0.745216
vt 0.138936 0.745217
vt 0.232114 0.575059
vt 0.204722 0.534428
vt 0.218453 0.524515
vt 0.243491 0.593140
vt 0.114173 0.705311
vt 0.238998 0.748533
vt 0.211231 0.785096
vt 0.227772 0.744478
vt 0.151209 0.761543
vt 0.205237 0.761543
vt 0.194629 0.791985
vt 0.036988 0.614871
vt 0.191551 0.812469
vt 0.186730 0.801974
vt 0.188494 0.501955
vt 0.155433 0.536952
vt 0.132478 0.557574
vt 0.181683 0.515625
vt 0.150226 0.501957
vt 0.162085 0.801973
vt 0.120269 0.524522
vt 0.066774 0.627405
vt 0.155341 0.604617
vt 0.157263 0.812467
vt 0.127668 0.794176
vt 0.073149 0.775091
vt 0.081410 0.808023
vt 0.031612 0.749514
vt 0.233252 0.533922
vt 0.232834 0.549623
vt 0.238309 0.549623
vt 0.232834 0.561554
vt 0.238309 0.561554
vt 0.230291 0.501954
vt 0.227777 0.533922
vt 0.066762 0.687385
vt 0.060736 0.692109
vt 0.068392 0.692612
vt 0.245525 0.684431
vt 0.221460 0.677932
vt 0.234663 0.691035
vt 0.089072 0.573232
vt 0.238389 0.673266
vt 0.034110 0.688928
vt 0.059106 0.686882
vt 0.032480 0.683701
vt 0.010061 0.517730
vt 0.108726 0.675383
vt 0.073149 0.775094
vt 0.081410 0.808025
vt 0.092743 0.785822
vt 0.052036 0.906222
vt 0.038712 0.970823
vt 0.038712 0.887342
vt 0.204879 0.882689
vt 0.225757 0.835953
vt 0.235159 0.882689
vt 0.197341 0.835953
vt 0.185865 0.854279
vt 0.197340 0.854279
vt 0.155417 0.887409
vt 0.182375 0.857830
vt 0.178166 0.881465
vt 0.087620 0.872154
vt 0.113056 0.857166
vt 0.080754 0.849167
vt 0.078068 0.891001
vt 0.110925 0.887060
vt 0.110020 0.900257
vt 0.111785 0.911789
vt 0.208548 0.984416
vt 0.084120 0.903804
vt 0.114812 0.882944
vt 0.116250 0.852501
vt 0.115573 0.879077
vt 0.212219 0.951829
vt 0.021711 0.906222
vt 0.035035 0.970823
vt 0.029590 0.980926
vt 0.074157 0.866953
vt 0.070480 0.883770
vt 0.070480 0.866953
vt 0.035035 0.887342
vt 0.038712 0.866955
vt 0.035035 0.982300
vt 0.038712 0.982300
vt 0.074158 0.902869
vt 0.070481 0.977993
vt 0.070480 0.902869
vt 0.074157 0.883770
vt 0.201549 0.881465
vt 0.185865 0.857829
vt 0.181657 0.881465
vt 0.181657 0.885074
vt 0.206743 0.908007
vt 0.201549 0.885074
vt 0.044156 0.980926
vt 0.078949 0.877796
vt 0.057502 0.803214
vt 0.047449 0.788853
vt 0.069882 0.800798
vt 0.142424 0.844394
vt 0.150084 0.828506
vt 0.150180 0.844394
vt 0.142349 0.858632
vt 0.150180 0.847075
vt 0.150254 0.858632
vt 0.076360 0.824476
vt 0.060511 0.828474
vt 0.058845 0.821742
vt 0.047532 0.831988
vt 0.045359 0.825108
vt 0.043526 0.828352
vt 0.073345 0.838589
vt 0.078158 0.834936
vt 0.078158 0.846008
vt 0.049894 0.836809
vt 0.060885 0.832148
vt 0.060885 0.834536
vt 0.080482 0.752258
vt 0.084657 0.749373
vt 0.088832 0.752258
vt 0.153098 0.844459
vt 0.161344 0.833970
vt 0.163221 0.849917
vt 0.139313 0.815951
vt 0.150084 0.825360
vt 0.142519 0.825360
vt 0.042923 0.804413
vt 0.102711 0.787952
vt 0.133264 0.807237
vt 0.086152 0.807237
vt 0.137278 0.827620
vt 0.082138 0.834461
vt 0.082138 0.827620
vt 0.068993 0.842714
vt 0.047758 0.846009
vt 0.051529 0.840587
vt 0.060885 0.846008
vt 0.060885 0.841826
vt 0.057914 0.818167
vt 0.075460 0.820826
vt 0.044302 0.821094
vt 0.033534 0.835067
vt 0.044462 0.845988
vt 0.033534 0.845988
vt 0.137278 0.834461
vt 0.082138 0.845532
vt 0.146302 0.866797
vt 0.142349 0.861596
vt 0.150254 0.861596
vt 0.090123 0.757513
vt 0.079192 0.757514
vt 0.073344 0.838589
vt 0.078158 0.846008
vt 0.049895 0.836809
vt 0.060885 0.832148
vt 0.047758 0.835085
vt 0.068993 0.842714
vt 0.047758 0.846009
vt 0.051529 0.840587
vt 0.060885 0.846008
vt 0.060885 0.841826
vt 0.037500 0.824389
vt 0.038061 0.808802
vt 0.153005 0.828649
vt 0.057994 0.880721
vt 0.067291 0.894734
vt 0.015753 0.880721
vt 0.006455 0.894734
vt 0.042581 0.824406
vt 0.054149 0.546610
vt 0.049712 0.513233
vt 0.077713 0.515836
vt 0.084062 0.520779
vt 0.060422 0.734260
vt 0.031604 0.695492
vt 0.061381 0.699990
vt 0.060422 0.734263
vt 0.031604 0.695494
vt 0.031612 0.749516
vt 0.101249 0.775016
vt 0.109357 0.783194
vt 0.101249 0.782305
vt 0.091894 0.781067
vt 0.090260 0.777289
vt 0.113708 0.779069
vt 0.155416 0.887409
vt 0.182375 0.857829
vt 0.170568 0.842209
vt 0.019481 0.614534
vt 0.004508 0.752576
vt 0.004501 0.695496
vt 0.027950 0.661955
vt 0.027954 0.692070
vt 0.217366 0.614433
vt 0.225162 0.651847
vt 0.028325 0.860540
vt 0.004170 0.832130
vt 0.038859 0.505401
vt 0.099318 0.670811
vt 0.089072 0.520850
vt 0.161035 0.611417
vt 0.019844 0.567504
vt 0.036923 0.514182
vt 0.215311 0.577034
vt 0.240781 0.611421
vt 0.221148 0.794181
vt 0.178223 0.797995
vt 0.161817 0.791985
vt 0.145739 0.761543
vt 0.178224 0.723203
vt 0.210709 0.761543
vt 0.183090 0.536952
vt 0.157039 0.515627
vt 0.092743 0.785820
vt 0.224816 0.501954
vt 0.214282 0.835953
vt 0.185866 0.835952
vt 0.170568 0.842210
vt 0.035035 0.866955
vt 0.074159 0.977993
vt 0.197340 0.857830
vt 0.176463 0.908007
vt 0.142519 0.828506
vt 0.142424 0.847075
vt 0.077793 0.831164
vt 0.047758 0.835085
vt 0.153290 0.815951
vt 0.116705 0.787952
vt 0.044462 0.835066
vt 0.137278 0.845532
vt 0.084817 0.541059
vt 0.061381 0.699992
vt 0.178167 0.881465
vt 0.521713 0.221557
vt 0.501957 0.302712
vt 0.501954 0.236691
vt 0.674713 0.389939
vt 0.559991 0.383565
vt 0.665843 0.343744
vt 0.886885 0.233887
vt 0.886888 0.305484
vt 0.690504 0.333040
vt 0.711467 0.405245
vt 0.711467 0.487617
vt 0.674930 0.497528
vt 0.743835 0.489742
vt 0.717696 0.405245
vt 0.743835 0.403121
vt 0.963662 0.437959
vt 0.963662 0.454902
vt 0.946293 0.482232
vt 0.904240 0.278156
vt 0.904239 0.261213
vt 0.945580 0.269683
vt 0.942186 0.363875
vt 0.942186 0.346932
vt 0.985019 0.355404
vt 0.525487 0.184956
vt 0.559589 0.184957
vt 0.559588 0.196999
vt 0.591959 0.196163
vt 0.591959 0.184958
vt 0.946740 0.405445
vt 0.752219 0.365034
vt 0.981256 0.394646
vt 0.717696 0.400175
vt 0.686098 0.343486
vt 0.746270 0.359806
vt 0.681159 0.390265
vt 0.634158 0.184959
vt 0.749844 0.397936
vt 0.564591 0.408025
vt 0.521718 0.317845
vt 0.630332 0.349363
vt 0.630325 0.190029
vt 0.690498 0.206348
vt 0.920442 0.227812
vt 0.920445 0.311556
vt 0.564807 0.479442
vt 0.564807 0.413421
vt 0.674930 0.395335
vt 0.717696 0.487617
vt 0.749397 0.489742
vt 0.749397 0.403121
vt 0.946293 0.410630
vt 0.742807 0.392611
vt 0.597154 0.546580
vt 0.502268 0.505805
vt 0.603241 0.505805
vt 0.508356 0.595020
vt 0.597154 0.551963
vt 0.597154 0.595020
vt 0.502268 0.600148
vt 0.597154 0.640923
vt 0.508356 0.640923
vt 0.864507 0.782265
vt 0.843337 0.749128
vt 0.869192 0.749128
vt 0.804067 0.782416
vt 0.782897 0.749279
vt 0.808751 0.749279
vt 0.808663 0.717954
vt 0.782809 0.743808
vt 0.782809 0.717954
vt 0.803870 0.803293
vt 0.787384 0.786807
vt 0.803870 0.786807
vt 0.599001 0.742792
vt 0.545189 0.748358
vt 0.545189 0.742792
vt 0.767516 0.645626
vt 0.757123 0.664541
vt 0.727449 0.595417
vt 0.766225 0.671417
vt 0.762669 0.682989
vt 0.735538 0.703184
vt 0.772375 0.791027
vt 0.778791 0.779020
vt 0.778792 0.791027
vt 0.822720 0.672417
vt 0.829138 0.745471
vt 0.822721 0.745472
vt 0.772373 0.745473
vt 0.778789 0.672418
vt 0.778791 0.745473
vt 0.772369 0.514146
vt 0.778484 0.569528
vt 0.772370 0.569528
vt 0.604445 0.753138
vt 0.609339 0.750484
vt 0.637153 0.823251
vt 0.877689 0.722556
vt 0.928556 0.805172
vt 0.877689 0.805172
vt 0.928358 0.501966
vt 0.981624 0.557709
vt 0.985122 0.502378
vt 0.880763 0.667969
vt 0.925483 0.667969
vt 0.877689 0.718513
vt 0.867713 0.935478
vt 0.823069 0.929514
vt 0.867713 0.878608
vt 0.893233 0.589383
vt 0.918174 0.575263
vt 0.912642 0.589383
vt 0.997290 0.926884
vt 0.997290 0.870012
vt 0.943159 0.858019
vt 0.772203 0.929514
vt 0.727559 0.935478
vt 0.727559 0.878608
vt 0.924861 0.557297
vt 0.985122 0.608850
vt 0.929145 0.619933
vt 0.812873 0.863955
vt 0.893233 0.632280
vt 0.912642 0.593956
vt 0.912643 0.632280
vt 0.893418 0.637110
vt 0.829108 0.551035
vt 0.783839 0.627642
vt 0.783839 0.551035
vt 0.834082 0.552060
vt 0.844862 0.628049
vt 0.834082 0.628049
vt 0.772374 0.779020
vt 0.844862 0.552060
vt 0.874149 0.513171
vt 0.827085 0.501954
vt 0.785862 0.501954
vt 0.616982 0.703182
vt 0.661885 0.683438
vt 0.661884 0.703183
vt 0.887820 0.593905
vt 0.855918 0.622494
vt 0.873876 0.587944
vt 0.918227 0.926884
vt 0.914671 0.920920
vt 0.502268 0.699280
vt 0.603241 0.646213
vt 0.603241 0.699280
vt 0.652059 0.771649
vt 0.704560 0.766262
vt 0.697180 0.771873
vt 0.651674 0.861119
vt 0.696678 0.861343
vt 0.806584 0.859439
vt 0.745077 0.809750
vt 0.741705 0.859439
vt 0.709053 0.901673
vt 0.625051 0.906650
vt 0.639651 0.901674
vt 0.611298 0.703103
vt 0.597971 0.738021
vt 0.597971 0.704987
vt 0.631516 0.852963
vt 0.647627 0.825311
vt 0.641494 0.823251
vt 0.625994 0.723982
vt 0.545189 0.753137
vt 0.599001 0.753138
vt 0.551658 0.827874
vt 0.506933 0.890970
vt 0.535601 0.859164
vt 0.540583 0.890970
vt 0.502013 0.930831
vt 0.511915 0.854736
vt 0.535601 0.821956
vt 0.535601 0.854736
vt 0.502013 0.987482
vt 0.545503 0.936212
vt 0.545503 0.987482
vt 0.829137 0.666303
vt 0.778485 0.644897
vt 0.823023 0.644897
vt 0.829108 0.627642
vt 0.783839 0.638509
vt 0.772372 0.644897
vt 0.736484 0.819745
vt 0.736484 0.804320
vt 0.731039 0.804320
vt 0.723653 0.906649
vt 0.625051 0.964785
vt 0.927719 0.858474
vt 0.820645 0.809402
vt 0.919247 0.809397
vt 0.551609 0.704987
vt 0.592481 0.738021
vt 0.551609 0.738021
vt 0.592530 0.845420
vt 0.598999 0.870952
vt 0.592530 0.870952
vt 0.813567 0.749279
vt 0.834737 0.782416
vt 0.839421 0.749279
vt 0.818251 0.782416
vt 0.657557 0.542877
vt 0.609496 0.501955
vt 0.662562 0.501955
vt 0.725614 0.859907
vt 0.710165 0.806211
vt 0.733932 0.769346
vt 0.551211 0.931061
vt 0.592197 0.891199
vt 0.551211 0.891199
vt 0.602481 0.931061
vt 0.551211 0.886279
vt 0.592197 0.886279
vt 0.583991 0.854085
vt 0.551211 0.854085
vt 0.705148 0.771478
vt 0.663420 0.592835
vt 0.669584 0.528165
vt 0.714487 0.528165
vt 0.646617 0.632773
vt 0.677304 0.664541
vt 0.933065 0.740700
vt 0.977934 0.817076
vt 0.933063 0.817075
vt 0.977936 0.738016
vt 0.928423 0.663849
vt 0.984056 0.644377
vt 0.976141 0.676562
vt 0.933194 0.723292
vt 0.977838 0.730235
vt 0.977838 0.723292
vt 0.933194 0.735478
vt 0.508356 0.546580
vt 0.508356 0.551963
vt 0.603241 0.600148
vt 0.848022 0.782265
vt 0.787581 0.782416
vt 0.808663 0.743808
vt 0.787384 0.803293
vt 0.599001 0.748359
vt 0.650173 0.644345
vt 0.727449 0.530747
vt 0.767516 0.569637
vt 0.772372 0.666304
vt 0.778483 0.514146
vt 0.627175 0.852963
vt 0.604444 0.841335
vt 0.928556 0.722556
vt 0.973200 0.680682
vt 0.928556 0.718513
vt 0.973200 0.718513
vt 0.833045 0.718513
vt 0.833045 0.680682
vt 0.823069 0.939981
vt 0.887701 0.575263
vt 0.894138 0.873007
vt 0.881098 0.903479
vt 0.772203 0.939981
vt 0.782400 0.863955
vt 0.893233 0.593956
vt 0.912828 0.637110
vt 0.616982 0.683438
vt 0.887820 0.632229
vt 0.502268 0.646213
vt 0.644723 0.768516
vt 0.644735 0.765965
vt 0.704547 0.768813
vt 0.803212 0.809750
vt 0.644439 0.867030
vt 0.704265 0.867029
vt 0.637649 0.855022
vt 0.598999 0.841335
vt 0.592530 0.827875
vt 0.592530 0.841335
vt 0.551657 0.841334
vt 0.545189 0.841334
vt 0.511915 0.859164
vt 0.545503 0.890970
vt 0.545503 0.930831
vt 0.502013 0.890970
vt 0.511915 0.821956
vt 0.502013 0.936212
vt 0.829136 0.644896
vt 0.829108 0.638509
vt 0.723654 0.964785
vt 0.812178 0.858481
vt 0.592481 0.704987
vt 0.598999 0.845420
vt 0.614500 0.542877
vt 0.734900 0.859446
vt 0.725964 0.810451
vt 0.736483 0.769346
vt 0.720651 0.528165
vt 0.720651 0.592835
vt 0.663420 0.528165
vt 0.930397 0.624961
vt 0.501953 0.024443
vt 0.531959 0.126876
vt 0.666905 0.126648
vt 0.604259 0.014956
vt 0.635199 0.023825
vt 0.604259 0.023825
vt 0.802329 0.023825
vt 0.756473 0.014956
vt 0.802329 0.014957
vt 0.674785 0.023825
vt 0.756473 0.023825
vt 0.674785 0.014956
vt 0.531960 0.126876
vt 0.501952 0.024443
vt 0.666906 0.126646
vt 0.675120 0.164603
vt 0.648864 0.236801
vt 0.675120 0.230110
vt 0.769172 0.156580
vt 0.677738 0.161986
vt 0.669852 0.131693
vt 0.783257 0.236801
vt 0.757002 0.183874
vt 0.783257 0.172449
vt 0.666533 0.257578
vt 0.754646 0.232908
vt 0.765852 0.257578
vt 0.754646 0.183874
vt 0.677738 0.230110
vt 0.677738 0.164603
vt 0.551118 0.001952
vt 0.711979 0.010823
vt 0.551117 0.010823
vt 0.825905 0.103692
vt 0.880875 0.158580
vt 0.825984 0.150388
vt 0.827719 0.001952
vt 0.827719 0.010823
vt 0.767485 0.010823
vt 0.862861 0.010824
vt 0.973580 0.001952
vt 0.973580 0.010824
vt 0.711979 0.001952
vt 0.933953 0.130130
vt 0.961591 0.114920
vt 0.825979 0.081743
vt 0.825979 0.081739
vt 0.502026 0.002490
vt 0.995083 0.006388
vt 0.933953 0.130124
vt 0.825905 0.103696
vt 0.880874 0.158585
vt 0.635199 0.014956
vt 0.677738 0.232908
vt 0.754646 0.230110
vt 0.858956 0.006388
vt 0.825983 0.150392
vt 0.648864 0.147561
vt 0.757002 0.230110
vt 0.900255 0.423122
vt 0.975223 0.325048
vt 0.975223 0.423122
vt 0.916670 0.305894
vt 0.958808 0.305894
vt 0.977282 0.124954
vt 0.954969 0.163189
vt 0.953198 0.124954
vt 0.949781 0.139951
vt 0.814479 0.152954
vt 0.789904 0.227558
vt 0.793939 0.152954
vt 0.773565 0.354084
vt 0.804012 0.272358
vt 0.804012 0.344195
vt 0.834458 0.354084
vt 0.804011 0.412177
vt 0.819858 0.230627
vt 0.788167 0.230627
vt 0.975223 0.473920
vt 0.766609 0.394574
vt 0.783007 0.375295
vt 0.804119 0.428578
vt 0.896346 0.392276
vt 0.854795 0.367051
vt 0.896346 0.367051
vt 0.868264 0.239507
vt 0.876299 0.165227
vt 0.896346 0.197829
vt 0.896346 0.492790
vt 0.852720 0.394721
vt 0.896346 0.394721
vt 0.852720 0.392275
vt 0.845554 0.492790
vt 0.528621 0.432154
vt 0.506826 0.393981
vt 0.537682 0.425287
vt 0.721795 0.406525
vt 0.733164 0.324953
vt 0.733164 0.406525
vt 0.531338 0.384360
vt 0.521492 0.367307
vt 0.541184 0.367307
vt 0.544679 0.416325
vt 0.549144 0.405869
vt 0.518100 0.436467
vt 0.744533 0.406525
vt 0.506826 0.437937
vt 0.710426 0.324953
vt 0.710426 0.406525
vt 0.744533 0.324953
vt 0.755901 0.406525
vt 0.550778 0.394617
vt 0.721795 0.324953
vt 0.716877 0.411243
vt 0.728881 0.415039
vt 0.704356 0.471725
vt 0.670449 0.352961
vt 0.682973 0.354244
vt 0.670450 0.414724
vt 0.630469 0.454015
vt 0.617880 0.352952
vt 0.630469 0.352952
vt 0.739866 0.421189
vt 0.657925 0.354245
vt 0.617880 0.454015
vt 0.605292 0.352952
vt 0.691829 0.411244
vt 0.704353 0.409961
vt 0.645922 0.358041
vt 0.592703 0.454015
vt 0.592703 0.352952
vt 0.679826 0.415041
vt 0.634938 0.364191
vt 0.580114 0.352952
vt 0.668841 0.421193
vt 0.694976 0.358039
vt 0.705960 0.364190
vt 0.580114 0.454015
vt 0.567524 0.352952
vt 0.567524 0.454015
vt 0.554936 0.352952
vt 0.605292 0.454015
vt 0.734750 0.320244
vt 0.709014 0.290425
vt 0.734750 0.290425
vt 0.537699 0.320244
vt 0.706518 0.290425
vt 0.537699 0.290425
vt 0.535442 0.320244
vt 0.509706 0.290425
vt 0.535442 0.290425
vt 0.706518 0.320244
vt 0.706518 0.287689
vt 0.537699 0.261954
vt 0.706518 0.261954
vt 0.533792 0.140952
vt 0.501951 0.170773
vt 0.501951 0.140952
vt 0.536637 0.205257
vt 0.566458 0.235079
vt 0.566458 0.205257
vt 0.533792 0.237925
vt 0.501951 0.267746
vt 0.501951 0.237925
vt 0.533792 0.235079
vt 0.501951 0.205257
vt 0.533792 0.205257
vt 0.533792 0.202999
vt 0.501951 0.173178
vt 0.533792 0.173178
vt 0.706518 0.322978
vt 0.537699 0.348713
vt 0.537699 0.322978
vt 0.537699 0.287689
vt 0.706518 0.348713
vt 0.502140 0.135149
vt 0.550328 0.161947
vt 0.631824 0.156188
vt 0.502142 0.135149
vt 0.631826 0.156186
vt 0.550329 0.161946
vt 0.754646 0.181257
vt 0.767485 0.001952
vt 0.862861 0.001952
vt 0.502028 0.002490
vt 0.961591 0.114914
vt 0.900255 0.325048
vt 0.975511 0.163189
vt 0.925697 0.139951
vt 0.818514 0.227558
vt 0.900256 0.473920
vt 0.825232 0.375295
vt 0.841630 0.394574
vt 0.841601 0.492903
vt 0.766638 0.492903
vt 0.896346 0.364006
vt 0.854795 0.364006
vt 0.551030 0.384360
vt 0.541184 0.390045
vt 0.521492 0.390046
vt 0.511646 0.384360
vt 0.511646 0.372991
vt 0.521492 0.355937
vt 0.531338 0.350253
vt 0.541184 0.355937
vt 0.551030 0.372991
vt 0.755901 0.324953
vt 0.554936 0.454015
vt 0.709014 0.320244
vt 0.509706 0.320244
vt 0.533792 0.170773
vt 0.536637 0.235079
vt 0.533792 0.267746
vt 0.501951 0.235079
vt 0.501951 0.202999
vt 0.043956 0.316612
vt 0.165299 0.251878
vt 0.165299 0.316612
vt 0.198736 0.124385
vt 0.053500 0.090425
vt 0.198736 0.090425
vt 0.036162 0.163404
vt 0.198736 0.163404
vt 0.165299 0.249349
vt 0.198736 0.087896
vt 0.053500 0.087896
vt 0.165299 0.001951
vt 0.267378 0.001955
vt 0.202643 0.055729
vt 0.202643 0.001955
vt 0.387737 0.160388
vt 0.351181 0.002303
vt 0.412943 0.065280
vt 0.412943 0.065280
vt 0.010727 0.102934
vt 0.014820 0.169751
vt 0.009086 0.171614
vt 0.009086 0.004538
vt 0.016461 0.101071
vt 0.052762 0.126914
vt 0.198736 0.160876
vt 0.198736 0.126914
vt 0.267378 0.058947
vt 0.235011 0.113057
vt 0.202643 0.058947
vt 0.277550 0.001993
vt 0.338313 0.050162
vt 0.271296 0.050198
vt 0.422840 0.003928
vt 0.416987 0.218676
vt 0.416987 0.002489
vt 0.280075 0.108077
vt 0.271296 0.053417
vt 0.338313 0.053381
vt 0.026617 0.251878
vt 0.198736 0.207234
vt 0.198736 0.044066
vt 0.422839 0.220115
vt 0.315643 0.120879
vt 0.018756 0.320950
vt 0.038454 0.401498
vt 0.097384 0.401499
vt 0.498032 0.018954
vt 0.463978 0.154464
vt 0.463977 0.018954
vt 0.427999 0.312392
vt 0.452078 0.261284
vt 0.452076 0.308448
vt 0.426751 0.034011
vt 0.426751 0.154464
vt 0.309789 0.215161
vt 0.347016 0.213006
vt 0.347016 0.232704
vt 0.492807 0.278882
vt 0.455582 0.308502
vt 0.455581 0.261339
vt 0.485964 0.224953
vt 0.455622 0.258209
vt 0.444812 0.224953
vt 0.492851 0.311578
vt 0.455626 0.335976
vt 0.455625 0.311579
vt 0.236620 0.215161
vt 0.199393 0.213006
vt 0.236620 0.197950
vt 0.239551 0.474497
vt 0.199395 0.428008
vt 0.239551 0.393953
vt 0.122174 0.474497
vt 0.195341 0.428008
vt 0.195341 0.474497
vt 0.350924 0.416745
vt 0.424095 0.416745
vt 0.461323 0.463236
vt 0.463978 0.220239
vt 0.424095 0.224952
vt 0.350924 0.224952
vt 0.309789 0.291633
vt 0.199393 0.389735
vt 0.236620 0.291633
vt 0.036162 0.160876
vt 0.498032 0.210737
vt 0.428002 0.235922
vt 0.199395 0.474497
vt 0.063817 0.425576
vt 0.052762 0.124385
vt 0.026617 0.249349
vt 0.002342 0.207234
vt 0.019681 0.044066
vt 0.043956 0.001951
vt 0.267378 0.055729
vt 0.351181 0.218538
vt 0.351181 0.218538
vt 0.014820 0.002675
vt 0.267378 0.102776
vt 0.202643 0.102776
vt 0.344567 0.001956
vt 0.347092 0.108041
vt 0.195489 0.401499
vt 0.195489 0.355007
vt 0.139214 0.320951
vt 0.018756 0.401498
vt 0.093438 0.425576
vt 0.309789 0.197950
vt 0.492808 0.308501
vt 0.496775 0.258209
vt 0.492851 0.335975
vt 0.199393 0.232704
vt 0.199395 0.393953
vt 0.122174 0.428008
vt 0.461323 0.416745
vt 0.313696 0.463236
vt 0.313696 0.416745
vt 0.426751 0.220239
vt 0.347016 0.291633
vt 0.347016 0.389735
vt 0.199393 0.291633
vt 0.129647 0.828284
vt 0.027620 0.848930
vt 0.027620 0.828284
vt 0.129647 0.793585
vt 0.027620 0.825609
vt 0.027620 0.793585
vt 0.129647 0.825609
vt 0.024555 0.793585
vt 0.003908 0.825609
vt 0.003908 0.793585
vt 0.153306 0.825609
vt 0.132660 0.793585
vt 0.153306 0.793585
vt 0.129647 0.769956
vt 0.027620 0.790602
vt 0.027620 0.769956
vt 0.024555 0.825609
vt 0.132660 0.825609
vt 0.129647 0.790602
vt 0.185370 0.885173
vt 0.084531 0.865955
vt 0.185370 0.865957
vt 0.562834 0.885178
vt 0.236410 0.865958
vt 0.562834 0.865963
vt 0.081148 0.865955
vt 0.050423 0.885171
vt 0.050423 0.865955
vt 0.233962 0.965840
vt 0.044115 0.985045
vt 0.044117 0.965828
vt 0.233389 0.885173
vt 0.188392 0.865957
vt 0.233389 0.865958
vt 0.224608 0.909770
vt 0.185034 0.888353
vt 0.234025 0.962700
vt 0.582776 0.944937
vt 0.601992 0.899772
vt 0.601992 0.944937
vt 0.003911 0.922154
vt 0.023125 0.966422
vt 0.003908 0.966420
vt 0.047402 0.865955
vt 0.007048 0.885171
vt 0.007049 0.865953
vt 0.590887 0.965861
vt 0.273240 0.985057
vt 0.273242 0.965842
vt 0.236983 0.965840
vt 0.270219 0.985057
vt 0.236982 0.985056
vt 0.309939 0.796955
vt 0.227092 0.801137
vt 0.227092 0.796963
vt 0.199998 0.796965
vt 0.161114 0.801142
vt 0.161114 0.796967
vt 0.211462 0.841315
vt 0.227092 0.804158
vt 0.287776 0.860561
vt 0.227092 0.804644
vt 0.211456 0.841798
vt 0.287766 0.861058
vt 0.516102 0.714761
vt 0.555678 0.693344
vt 0.506685 0.767691
vt 0.690376 0.690178
vt 0.659647 0.670963
vt 0.690374 0.670959
vt 0.506678 0.789951
vt 0.696520 0.770737
vt 0.696520 0.789952
vt 0.138832 0.749715
vt 0.158050 0.714757
vt 0.158049 0.749716
vt 0.506683 0.767690
vt 0.696530 0.767692
vt 0.675077 0.717829
vt 0.504731 0.670981
vt 0.149675 0.690241
vt 0.149673 0.671023
vt 0.656625 0.670963
vt 0.555778 0.690193
vt 0.555776 0.670976
vt 0.552755 0.670976
vt 0.507754 0.690199
vt 0.507752 0.670981
vt 0.699541 0.770737
vt 0.743807 0.789952
vt 0.699541 0.789952
vt 0.733754 0.690172
vt 0.693395 0.670959
vt 0.733753 0.670954
vt 0.467400 0.770735
vt 0.149764 0.789949
vt 0.149764 0.770734
vt 0.503657 0.770735
vt 0.470421 0.789951
vt 0.470421 0.770735
vt 0.035222 0.651955
vt 0.118067 0.656137
vt 0.035222 0.656129
vt 0.184043 0.656142
vt 0.145161 0.651965
vt 0.184043 0.651967
vt 0.118067 0.659158
vt 0.133697 0.696313
vt 0.057386 0.715559
vt 0.118069 0.659159
vt 0.133704 0.696311
vt 0.145161 0.659156
vt 0.145161 0.656139
vt 0.989116 0.660156
vt 0.898154 0.660162
vt 0.988063 0.646363
vt 0.751623 0.758456
vt 0.975106 0.744622
vt 0.975106 0.758456
vt 0.984930 0.632888
vt 0.751623 0.744622
vt 0.975106 0.730787
vt 0.979790 0.620044
vt 0.751623 0.730787
vt 0.975106 0.716953
vt 0.972762 0.608128
vt 0.751623 0.827627
vt 0.975106 0.813793
vt 0.975106 0.827627
vt 0.972770 0.712185
vt 0.979796 0.700269
vt 0.751623 0.813793
vt 0.975106 0.799958
vt 0.984933 0.687425
vt 0.751623 0.799958
vt 0.975106 0.786124
vt 0.988065 0.673950
vt 0.751623 0.772290
vt 0.975106 0.772290
vt 0.743814 0.812367
vt 0.710048 0.793952
vt 0.743814 0.793952
vt 0.607617 0.793952
vt 0.641383 0.812367
vt 0.607617 0.812367
vt 0.730916 0.839250
vt 0.644495 0.815478
vt 0.706936 0.815478
vt 0.644495 0.812367
vt 0.706936 0.793952
vt 0.706936 0.812367
vt 0.759046 0.712460
vt 0.821694 0.694046
vt 0.821694 0.712460
vt 0.758889 0.685724
vt 0.845304 0.661956
vt 0.821326 0.690846
vt 0.722172 0.712460
vt 0.755935 0.694046
vt 0.755935 0.712460
vt 0.824805 0.694046
vt 0.862349 0.712460
vt 0.824805 0.712460
vt 0.598421 0.863677
vt 0.589051 0.873855
vt 0.559791 0.837520
vt 0.606443 0.837517
vt 0.604393 0.851198
vt 0.604392 0.823837
vt 0.589049 0.801181
vt 0.598419 0.811359
vt 0.577110 0.880837
vt 0.577106 0.794199
vt 0.620515 0.839250
vt 0.869259 0.559983
vt 0.853088 0.590230
vt 0.853086 0.559983
vt 0.143237 0.569749
vt 0.111967 0.589094
vt 0.107693 0.569746
vt 0.697122 0.578460
vt 0.697122 0.626988
vt 0.647115 0.592461
vt 0.637831 0.565814
vt 0.591974 0.549630
vt 0.637834 0.549641
vt 0.113463 0.565692
vt 0.095892 0.549513
vt 0.113473 0.549516
vt 0.682319 0.517335
vt 0.645516 0.533511
vt 0.645512 0.517337
vt 0.822804 0.641376
vt 0.866177 0.657553
vt 0.822802 0.657552
vt 0.790436 0.517326
vt 0.685756 0.533509
vt 0.685756 0.517335
vt 0.056432 0.647099
vt 0.018147 0.639015
vt 0.056432 0.630925
vt 0.664810 0.641371
vt 0.713335 0.657547
vt 0.664810 0.657545
vt 0.588537 0.549630
vt 0.117028 0.565692
vt 0.117038 0.549516
vt 0.146218 0.570628
vt 0.154307 0.570628
vt 0.154307 0.588206
vt 0.175617 0.574885
vt 0.158038 0.592461
vt 0.158038 0.574885
vt 0.043729 0.626350
vt 0.103249 0.570242
vt 0.109100 0.589175
vt 0.869266 0.637037
vt 0.853088 0.593667
vt 0.869262 0.593667
vt 0.836317 0.533497
vt 0.793873 0.517326
vt 0.836315 0.517323
vt 0.092451 0.565686
vt 0.074875 0.565682
vt 0.074878 0.557595
vt 0.574578 0.589375
vt 0.615073 0.573201
vt 0.615073 0.589375
vt 0.175617 0.592461
vt 0.647115 0.626988
vt 0.716772 0.641373
vt 0.819365 0.657552
vt 0.716772 0.657547
vt 0.618510 0.589375
vt 0.643513 0.573201
vt 0.643516 0.589375
vt 0.849401 0.621833
vt 0.819153 0.621833
vt 0.819153 0.578460
vt 0.641317 0.651053
vt 0.660751 0.667229
vt 0.641317 0.667229
vt 0.643587 0.630876
vt 0.643591 0.647050
vt 0.623842 0.651053
vt 0.573835 0.667229
vt 0.573835 0.651053
vt 0.559801 0.651053
vt 0.570399 0.667229
vt 0.559801 0.667229
vt 0.637880 0.667229
vt 0.627279 0.651053
vt 0.637880 0.651053
vt 0.638323 0.501953
vt 0.524325 0.512785
vt 0.524325 0.501953
vt 0.638323 0.515362
vt 0.524325 0.532686
vt 0.524325 0.515362
vt 0.638323 0.535264
vt 0.524325 0.546096
vt 0.524325 0.535264
vt 0.898322 0.608169
vt 0.876655 0.616127
vt 0.878157 0.608169
vt 0.887147 0.579652
vt 0.876655 0.600211
vt 0.872354 0.593351
vt 0.887149 0.636685
vt 0.872354 0.622988
vt 0.903572 0.592821
vt 0.962765 0.608276
vt 0.901587 0.608279
vt 0.903575 0.623736
vt 0.909402 0.638191
vt 0.909398 0.578367
vt 0.697122 0.637587
vt 0.059963 0.626988
vt 0.715553 0.546601
vt 0.716560 0.578460
vt 0.143236 0.589098
vt 0.004598 0.626346
vt 0.664271 0.898181
vt 0.644537 0.882157
vt 0.664271 0.866134
vt 0.637633 0.857261
vt 0.641516 0.882157
vt 0.617899 0.873284
vt 0.724863 0.843952
vt 0.664271 0.863113
vt 0.647859 0.843952
vt 0.740983 0.831955
vt 0.769289 0.861506
vt 0.740983 0.861506
vt 0.889892 0.935031
vt 0.773210 0.905480
vt 0.889892 0.905480
vt 0.741001 0.866134
vt 0.720449 0.898182
vt 0.720449 0.866134
vt 0.770189 0.935031
vt 0.737976 0.905480
vt 0.770189 0.905480
vt 0.875028 0.831955
vt 0.905325 0.861506
vt 0.875028 0.861506
vt 0.892913 0.905480
vt 0.909413 0.935031
vt 0.892913 0.935031
vt 0.772310 0.831955
vt 0.872007 0.861506
vt 0.772310 0.861506
vt 0.657964 0.977878
vt 0.830712 0.938956
vt 0.848532 0.952763
vt 0.968964 0.976793
vt 0.991183 0.980592
vt 0.968964 0.984394
vt 0.748771 0.969976
vt 0.748772 0.991237
vt 0.688247 0.980609
vt 0.773137 0.902344
vt 0.872007 0.864527
vt 0.889253 0.890864
vt 0.917226 0.925024
vt 0.933806 0.947264
vt 0.917226 0.947263
vt 0.936827 0.922004
vt 0.959067 0.857215
vt 0.959067 0.922004
vt 0.933807 0.854194
vt 0.917227 0.831954
vt 0.933807 0.831955
vt 0.962088 0.922004
vt 0.978669 0.857215
vt 0.978668 0.922004
vt 0.917226 0.922003
vt 0.933807 0.857215
vt 0.933806 0.922004
vt 0.772310 0.864527
vt 0.044178 0.962698
vt 0.065633 0.912836
vt 0.129647 0.848930
vt 0.084531 0.885171
vt 0.236410 0.885173
vt 0.081148 0.885171
vt 0.233961 0.985056
vt 0.188391 0.885173
vt 0.026374 0.922170
vt 0.261985 0.944729
vt 0.579629 0.944730
vt 0.551032 0.909772
vt 0.084195 0.888353
vt 0.582776 0.899772
vt 0.023128 0.922155
vt 0.047402 0.885171
vt 0.590885 0.985076
vt 0.270221 0.965842
vt 0.309939 0.801130
vt 0.199998 0.801139
vt 0.199998 0.804161
vt 0.199998 0.804642
vt 0.714342 0.727164
vt 0.696536 0.767693
vt 0.675083 0.717829
vt 0.478724 0.749720
vt 0.161070 0.749716
vt 0.161071 0.714757
vt 0.656519 0.693345
vt 0.659649 0.690181
vt 0.506678 0.770735
vt 0.138833 0.714756
vt 0.656514 0.693346
vt 0.555675 0.693345
vt 0.516100 0.714762
vt 0.161077 0.714757
vt 0.478723 0.749720
vt 0.161077 0.749716
vt 0.714336 0.727163
vt 0.504733 0.690199
vt 0.656627 0.690181
vt 0.552757 0.690193
vt 0.743807 0.770737
vt 0.693397 0.690178
vt 0.467400 0.789951
vt 0.503657 0.789951
vt 0.118069 0.651962
vt 0.145161 0.659160
vt 0.057395 0.715571
vt 0.751623 0.716953
vt 0.751623 0.786124
vt 0.710048 0.812367
vt 0.641383 0.793952
vt 0.644495 0.793952
vt 0.759046 0.694046
vt 0.734912 0.661953
vt 0.722172 0.694046
vt 0.862349 0.694046
vt 0.869262 0.590230
vt 0.647118 0.637587
vt 0.647115 0.546601
vt 0.672119 0.546601
vt 0.591969 0.565805
vt 0.095887 0.565686
vt 0.682319 0.533509
vt 0.866174 0.641379
vt 0.790436 0.533500
vt 0.713335 0.641373
vt 0.588532 0.565805
vt 0.853091 0.637039
vt 0.793873 0.533500
vt 0.074881 0.549508
vt 0.092455 0.549513
vt 0.574578 0.573201
vt 0.126768 0.592461
vt 0.819367 0.641376
vt 0.618510 0.573201
vt 0.716560 0.626988
vt 0.820232 0.546601
vt 0.849401 0.578463
vt 0.660751 0.651053
vt 0.623842 0.667229
vt 0.570399 0.651053
vt 0.627279 0.667229
vt 0.638323 0.512785
vt 0.638323 0.532686
vt 0.638323 0.546096
vt 0.895429 0.623482
vt 0.895428 0.592855
vt 0.849402 0.578463
vt 0.717427 0.866134
vt 0.717427 0.898182
vt 0.661250 0.866134
vt 0.717427 0.863113
vt 0.769289 0.831955
vt 0.773210 0.935031
vt 0.741000 0.898182
vt 0.737976 0.935031
vt 0.905325 0.831955
vt 0.909413 0.905480
vt 0.872007 0.831955
vt 0.610413 0.938954
vt 0.749167 0.880824
vt 0.899267 0.877749
vt 0.933806 0.925025
vt 0.936828 0.857215
vt 0.917227 0.854194
vt 0.962088 0.857215
vt 0.917227 0.857215
s 1
usemtl 00-ROUGE
f 2/1/1 3/2/1 1/3/1
f 38/4/2 7/5/2 37/6/2
f 8/7/3 5/8/3 7/9/3
f 40/10/4 1/11/4 39/12/4
f 29/13/5 21/14/5 25/15/5
f 39/16/5 1/17/5 37/18/5
f 33/19/6 48/20/6 34/21/6
f 13/22/7 34/23/7 14/24/7
f 44/25/8 15/26/8 17/27/8
f 15/28/9 41/29/9 19/30/9
f 18/31/10 15/32/10 16/33/10
f 20/34/11 16/35/11 19/36/11
f 30/37/4 24/38/4 31/39/4
f 27/40/3 24/41/3 23/42/3
f 26/43/1 21/44/1 22/45/1
f 32/13/11 31/46/11 28/47/11
f 28/48/12 25/49/12 26/50/12
f 21/51/4 32/52/4 22/53/4
f 29/54/13 31/39/13 32/52/13
f 34/55/11 48/56/11 47/57/11
f 10/58/10 11/59/10 9/60/10
f 36/61/7 47/62/7 48/20/7
f 35/63/14 45/64/14 47/62/14
f 6/65/15 39/66/15 5/67/15
f 4/68/12 37/6/12 3/69/12
f 43/70/16 19/71/16 41/72/16
f 43/73/7 44/74/7 17/75/7
f 43/76/17 42/77/17 44/78/17
f 33/55/5 11/79/5 36/56/5
f 50/80/18 59/81/18 57/82/18
f 63/83/19 53/84/19 60/85/19
f 54/86/20 49/87/20 86/88/20
f 79/89/21 72/90/21 78/91/21
f 66/92/22 51/93/22 58/94/22
f 60/85/23 49/95/23 56/96/23
f 50/97/24 57/98/24 62/99/24
f 58/94/25 55/100/25 63/83/25
f 54/101/26 56/102/27 49/103/27
f 52/104/28 68/105/28 59/81/28
f 62/106/29 59/107/29 68/108/29
f 67/109/29 73/110/29 68/111/29
f 77/112/24 74/113/24 75/114/24
f 66/115/30 105/116/30 119/117/30
f 66/118/29 58/119/29 63/120/29
f 71/121/20 70/122/20 65/123/20
f 91/124/21 68/105/21 89/125/21
f 77/112/24 61/126/24 62/99/24
f 81/127/31 91/128/31 89/129/32
f 64/130/33 84/131/33 65/123/33
f 70/122/34 86/132/34 69/133/34
f 70/122/35 88/134/35 87/135/35
f 64/130/36 86/132/36 85/136/36
f 81/127/37 90/137/37 91/128/37
f 65/123/38 84/131/39 83/138/40
f 107/139/41 73/140/41 79/141/41
f 77/142/18 68/143/18 107/144/18
f 90/145/41 119/117/41 72/146/41
f 101/147/42 66/148/42 61/149/42
f 92/107/20 77/106/20 107/108/20
f 106/109/20 79/110/20 78/150/20
f 101/151/20 98/152/20 102/120/20
f 92/81/18 74/80/18 76/82/18
f 96/84/19 102/83/19 100/85/19
f 115/88/29 114/153/29 93/87/29
f 99/94/22 80/154/22 105/92/22
f 93/95/23 100/85/23 98/96/23
f 97/100/25 99/94/25 102/83/25
f 98/102/26 75/101/26 93/103/27
f 107/105/28 95/104/28 92/81/28
f 112/155/29 104/156/29 110/157/29
f 107/105/21 120/124/21 118/125/21
f 118/158/43 120/159/44 111/160/43
f 113/161/45 103/162/45 104/156/45
f 115/163/46 109/164/46 108/165/46
f 109/164/47 117/166/47 110/157/47
f 103/162/48 115/163/48 108/165/48
f 111/160/49 119/167/49 112/155/49
f 80/168/50 113/161/51 104/156/52
f 12/169/9 10/170/9 9/171/9
f 40/172/11 6/173/53 38/174/11
f 13/175/54 46/176/54 12/177/54
f 123/2/55 122/1/55 121/3/55
f 127/5/56 158/4/56 157/6/56
f 125/8/57 128/7/57 127/9/57
f 121/11/58 160/10/58 159/12/58
f 149/13/59 150/46/59 147/47/59
f 125/178/59 127/179/59 157/18/59
f 168/20/60 153/19/60 154/21/60
f 154/23/61 133/22/61 134/24/61
f 135/26/62 164/25/62 137/27/62
f 161/29/63 162/180/63 135/28/63
f 135/32/64 138/31/64 136/33/64
f 136/35/65 140/34/65 139/36/65
f 144/38/58 150/37/58 151/39/58
f 144/41/57 147/40/57 143/42/57
f 141/44/55 146/43/55 142/45/55
f 152/13/65 142/14/65 146/15/65
f 145/49/66 148/48/66 146/50/66
f 152/52/58 141/51/58 142/53/58
f 151/39/67 149/54/67 152/52/67
f 166/181/65 130/182/65 154/55/65
f 131/59/64 130/58/64 129/60/64
f 167/62/61 156/61/61 168/20/61
f 165/64/68 155/63/68 167/62/68
f 159/66/69 126/65/69 125/67/69
f 157/6/66 124/68/66 123/69/66
f 139/71/70 163/70/70 161/72/70
f 137/75/61 163/73/61 140/183/61
f 162/77/71 163/76/71 164/78/71
f 132/181/59 133/184/59 153/55/59
f 179/81/72 170/80/72 177/82/72
f 173/84/73 183/83/73 180/85/73
f 198/88/74 197/153/74 169/87/74
f 187/90/75 206/89/75 205/91/75
f 178/94/76 195/154/76 184/92/76
f 169/95/77 180/85/78 176/96/77
f 182/99/79 170/97/79 174/185/79
f 175/100/80 178/94/80 183/83/80
f 176/102/81 174/101/81 169/103/81
f 186/105/82 172/104/82 179/81/83
f 179/107/84 182/106/84 186/108/84
f 185/109/84 188/110/84 187/150/84
f 189/113/79 191/186/79 192/112/79
f 216/116/85 184/115/85 202/145/85
f 181/151/84 176/152/84 183/120/84
f 186/105/75 233/124/75 201/125/75
f 181/126/79 192/112/79 182/99/79
f 188/140/86 218/139/86 206/141/86
f 186/143/72 192/142/72 218/144/72
f 202/145/86 205/187/86 194/117/86
f 184/148/87 204/147/87 181/149/87
f 192/106/74 213/107/74 218/108/74
f 217/109/74 206/110/74 218/111/74
f 216/118/74 212/119/74 215/120/74
f 189/80/88 213/81/88 191/82/88
f 215/83/73 210/84/73 214/85/73
f 190/86/84 207/87/84 221/88/84
f 193/154/76 212/94/76 216/92/76
f 214/85/77 207/95/78 203/96/78
f 212/94/80 211/100/80 215/83/80
f 190/101/81 203/102/81 207/103/81
f 209/104/82 218/105/82 213/81/82
f 225/124/75 218/105/75 224/125/75
f 130/170/63 132/169/63 129/171/63
f 122/188/65 124/189/65 158/174/65
f 166/176/89 133/175/89 132/177/89
f 232/155/74 227/156/74 230/157/74
f 231/160/90 202/167/90 232/155/90
f 201/158/91 233/159/91 231/160/91
f 198/163/92 229/164/92 228/165/92
f 229/164/93 200/166/93 230/157/93
f 196/161/94 226/162/94 227/156/94
f 195/168/95 196/161/96 227/156/97
f 226/162/98 198/163/98 228/165/98
f 238/157/84 237/164/84 235/156/84
f 239/160/99 225/159/100 224/158/100
f 234/162/101 219/161/101 235/156/101
f 237/164/102 221/163/102 236/165/102
f 237/164/103 223/166/103 222/190/103
f 234/162/104 221/163/104 220/191/104
f 239/160/105 194/167/105 225/159/105
f 235/156/106 219/161/107 193/168/108
f 2/1/1 4/192/1 3/2/1
f 38/4/2 8/193/2 7/5/2
f 8/7/3 6/194/3 5/8/3
f 40/10/4 2/195/4 1/11/4
f 25/15/5 27/47/5 29/13/5
f 27/47/5 23/196/5 30/46/5
f 29/13/5 27/47/5 30/46/5
f 1/17/5 3/197/5 37/18/5
f 37/18/5 7/179/5 5/178/5
f 5/178/5 39/16/5 37/18/5
f 33/19/6 36/61/6 48/20/6
f 13/22/7 33/198/7 34/23/7
f 44/25/8 42/199/8 15/26/8
f 19/30/9 16/200/9 15/28/9
f 15/28/9 42/180/9 41/29/9
f 18/31/10 17/201/10 15/32/10
f 20/34/11 18/202/11 16/35/11
f 30/37/4 23/203/4 24/38/4
f 27/40/3 28/204/3 24/41/3
f 26/43/1 25/205/1 21/44/1
f 24/196/11 28/47/11 31/46/11
f 28/47/11 26/15/11 32/13/11
f 26/15/11 22/14/11 32/13/11
f 28/48/12 27/206/12 25/49/12
f 21/51/4 29/54/4 32/52/4
f 29/54/13 30/37/13 31/39/13
f 47/57/11 45/79/11 34/55/11
f 45/79/11 10/182/11 34/55/11
f 10/182/11 46/181/11 34/55/11
f 46/181/11 14/184/11 34/55/11
f 10/58/10 45/207/10 11/59/10
f 36/61/7 35/63/7 47/62/7
f 35/63/14 11/208/14 45/64/14
f 6/65/15 40/209/15 39/66/15
f 4/68/12 38/4/12 37/6/12
f 43/70/16 20/210/16 19/71/16
f 17/75/7 18/211/7 20/183/7
f 20/183/7 43/73/7 17/75/7
f 43/76/17 41/212/17 42/77/17
f 33/55/5 13/184/5 12/181/5
f 12/181/5 9/182/5 33/55/5
f 9/182/5 11/79/5 33/55/5
f 11/79/5 35/57/5 36/56/5
f 50/80/18 52/104/18 59/81/18
f 63/83/19 55/100/19 53/84/19
f 49/87/20 53/213/20 85/153/20
f 53/213/20 55/214/20 84/215/20
f 55/214/20 51/216/20 84/215/20
f 51/216/20 83/217/20 84/215/20
f 89/218/20 52/219/20 88/220/20
f 52/219/20 50/221/20 87/222/20
f 87/222/20 88/220/20 52/219/20
f 53/213/20 84/215/20 85/153/20
f 87/222/20 50/221/20 54/86/20
f 49/87/20 85/153/20 86/88/20
f 86/88/20 87/222/20 54/86/20
f 79/89/21 73/223/21 72/90/21
f 66/92/22 83/154/22 51/93/22
f 60/85/23 53/84/23 49/95/23
f 62/99/24 61/126/24 54/185/24
f 54/185/24 50/97/24 62/99/24
f 58/94/25 51/93/25 55/100/25
f 54/101/26 61/224/26 56/102/27
f 52/104/28 89/125/28 68/105/28
f 62/106/29 57/225/29 59/107/29
f 67/109/29 72/150/29 73/110/29
f 75/114/24 101/226/24 77/112/24
f 77/112/24 76/186/109 74/113/24
f 105/116/30 80/227/30 119/117/30
f 119/117/30 90/145/30 66/115/30
f 90/145/30 83/228/30 66/115/30
f 63/120/29 60/229/29 56/152/29
f 56/152/29 61/151/29 63/120/29
f 61/151/29 66/118/29 63/120/29
f 69/133/20 64/130/20 70/122/20
f 64/130/20 65/123/20 70/122/20
f 65/123/20 82/230/20 71/121/20
f 82/230/20 81/127/20 71/121/20
f 91/124/21 67/231/21 68/105/21
f 77/112/24 101/226/24 61/126/24
f 88/134/32 71/121/32 89/129/32
f 71/121/32 81/127/31 89/129/32
f 64/130/33 85/136/33 84/131/33
f 70/122/34 87/135/34 86/132/34
f 70/122/35 71/121/35 88/134/35
f 64/130/36 69/133/36 86/132/36
f 81/127/37 82/230/37 90/137/37
f 90/137/110 82/230/111 83/138/40
f 82/230/111 65/123/38 83/138/40
f 107/139/41 68/232/41 73/140/41
f 77/142/18 62/233/18 68/143/18
f 119/117/41 120/234/41 78/187/41
f 120/234/41 106/235/41 78/187/41
f 67/236/112 91/237/112 72/146/41
f 91/237/112 90/145/41 72/146/41
f 119/117/41 78/187/41 72/146/41
f 101/147/42 105/238/42 66/148/42
f 92/107/20 76/225/20 77/106/20
f 106/109/20 107/111/20 79/110/20
f 98/152/20 100/229/20 102/120/20
f 102/120/20 99/119/20 105/118/20
f 105/118/20 101/151/20 102/120/20
f 92/81/18 95/104/18 74/80/18
f 96/84/19 97/100/19 102/83/19
f 74/221/29 95/219/29 116/222/29
f 95/219/29 118/218/29 117/220/29
f 116/222/29 95/219/29 117/220/29
f 97/214/29 96/213/29 113/215/29
f 96/213/29 93/87/29 114/153/29
f 113/215/29 96/213/29 114/153/29
f 80/217/29 94/216/29 113/215/29
f 94/216/29 97/214/29 113/215/29
f 75/86/29 74/221/29 116/222/29
f 75/86/29 116/222/29 115/88/29
f 75/86/29 115/88/29 93/87/29
f 99/94/22 94/93/22 80/154/22
f 93/95/23 96/84/23 100/85/23
f 97/100/25 94/93/25 99/94/25
f 98/102/26 101/224/26 75/101/26
f 107/105/28 118/125/28 95/104/28
f 104/156/29 103/162/29 109/164/29
f 103/162/29 108/165/29 109/164/29
f 109/164/29 110/157/29 104/156/29
f 110/157/29 111/160/29 112/155/29
f 107/105/21 106/231/21 120/124/21
f 111/160/43 110/157/43 118/158/43
f 110/157/43 117/166/43 118/158/43
f 113/161/45 114/191/45 103/162/45
f 115/163/46 116/190/46 109/164/46
f 109/164/47 116/190/47 117/166/47
f 103/162/48 114/191/48 115/163/48
f 111/160/49 120/159/49 119/167/49
f 104/156/52 112/155/113 80/168/50
f 112/155/113 119/167/114 80/168/50
f 12/169/9 46/239/9 10/170/9
f 6/173/53 8/240/53 38/174/11
f 38/174/11 4/189/11 2/188/11
f 2/188/11 40/172/11 38/174/11
f 13/175/54 14/241/54 46/176/54
f 123/2/55 124/192/55 122/1/55
f 127/5/56 128/193/56 158/4/56
f 125/8/57 126/194/57 128/7/57
f 121/11/58 122/195/58 160/10/58
f 143/196/59 147/47/59 150/46/59
f 147/47/59 145/15/59 149/13/59
f 145/15/59 141/14/59 149/13/59
f 157/18/59 123/197/59 121/17/59
f 121/17/59 159/16/59 157/18/59
f 159/16/59 125/178/59 157/18/59
f 168/20/60 156/61/60 153/19/60
f 154/23/61 153/198/61 133/22/61
f 135/26/62 162/199/62 164/25/62
f 135/28/63 136/200/63 139/30/63
f 139/30/63 161/29/63 135/28/63
f 135/32/64 137/201/64 138/31/64
f 136/35/65 138/202/65 140/34/65
f 144/38/58 143/203/58 150/37/58
f 144/41/57 148/204/57 147/40/57
f 141/44/55 145/205/55 146/43/55
f 146/15/65 148/47/65 152/13/65
f 148/47/65 144/196/65 151/46/65
f 152/13/65 148/47/65 151/46/65
f 145/49/66 147/206/66 148/48/66
f 152/52/58 149/54/58 141/51/58
f 151/39/67 150/37/67 149/54/67
f 130/182/65 165/79/65 154/55/65
f 165/79/65 167/57/65 154/55/65
f 167/57/65 168/56/65 154/55/65
f 154/55/65 134/184/65 166/181/65
f 131/59/64 165/207/64 130/58/64
f 167/62/61 155/63/61 156/61/61
f 165/64/68 131/208/68 155/63/68
f 159/66/69 160/209/69 126/65/69
f 157/6/66 158/4/66 124/68/66
f 139/71/70 140/210/70 163/70/70
f 140/183/61 138/211/61 137/75/61
f 137/75/61 164/74/61 163/73/61
f 162/77/71 161/212/71 163/76/71
f 153/55/59 156/56/59 155/57/59
f 155/57/59 131/79/59 153/55/59
f 131/79/59 129/182/59 153/55/59
f 129/182/59 132/181/59 153/55/59
f 179/81/72 172/104/72 170/80/72
f 173/84/73 175/100/73 183/83/73
f 170/221/74 172/219/74 199/222/74
f 172/219/74 201/218/74 200/220/74
f 199/222/74 172/219/74 200/220/74
f 175/214/74 173/213/74 196/215/74
f 173/213/74 169/87/74 197/153/74
f 196/215/74 173/213/74 197/153/74
f 195/217/74 171/216/74 196/215/74
f 171/216/74 175/214/74 196/215/74
f 174/86/74 170/221/74 199/222/74
f 174/86/74 199/222/74 198/88/74
f 174/86/74 198/88/74 169/87/74
f 187/90/75 188/223/75 206/89/75
f 178/94/76 171/93/76 195/154/76
f 169/95/77 173/84/78 180/85/78
f 174/185/79 181/126/79 182/99/79
f 182/99/79 177/98/79 170/97/79
f 175/100/80 171/93/80 178/94/80
f 176/102/81 181/224/81 174/101/81
f 186/105/82 201/125/82 172/104/82
f 179/107/84 177/225/84 182/106/84
f 185/109/84 186/111/84 188/110/84
f 192/112/79 204/226/79 190/114/79
f 190/114/79 189/113/79 192/112/79
f 184/115/85 195/228/85 202/145/85
f 202/145/85 194/117/85 216/116/85
f 194/117/85 193/227/85 216/116/85
f 176/152/84 180/229/84 183/120/84
f 183/120/84 178/119/84 184/118/84
f 184/118/84 181/151/84 183/120/84
f 186/105/75 185/231/75 233/124/75
f 181/126/79 204/226/79 192/112/79
f 188/140/86 186/232/115 218/139/86
f 186/143/72 182/233/72 192/142/72
f 202/145/86 233/237/86 187/146/86
f 233/237/86 185/236/86 187/146/86
f 217/235/115 225/234/115 205/187/86
f 225/234/115 194/117/86 205/187/86
f 202/145/86 187/146/86 205/187/86
f 184/148/87 216/238/87 204/147/87
f 192/106/74 191/225/74 213/107/74
f 217/109/74 205/150/74 206/110/74
f 215/120/74 214/229/74 203/152/74
f 203/152/74 204/151/74 215/120/74
f 204/151/74 216/118/74 215/120/74
f 189/80/88 209/104/88 213/81/88
f 215/83/73 211/100/73 210/84/73
f 207/87/84 210/213/84 220/153/84
f 210/213/84 211/214/84 219/215/84
f 211/214/84 208/216/84 219/215/84
f 208/216/84 193/217/84 219/215/84
f 224/218/84 209/219/84 223/220/84
f 209/219/84 189/221/84 222/222/84
f 222/222/84 223/220/84 209/219/84
f 210/213/84 219/215/84 220/153/84
f 222/222/84 189/221/84 190/86/84
f 207/87/84 220/153/84 221/88/84
f 221/88/84 222/222/84 190/86/84
f 193/154/76 208/93/76 212/94/76
f 214/85/77 210/84/77 207/95/78
f 212/94/80 208/93/80 211/100/80
f 190/101/81 204/224/81 203/102/81
f 209/104/82 224/125/82 218/105/82
f 225/124/75 217/231/75 218/105/75
f 130/170/63 166/239/63 132/169/63
f 158/174/65 128/240/65 126/173/65
f 126/173/65 160/172/65 158/174/65
f 160/172/65 122/188/65 158/174/65
f 166/176/89 134/241/89 133/175/89
f 227/156/74 226/162/74 229/164/74
f 226/162/74 228/165/74 229/164/74
f 229/164/74 230/157/74 227/156/74
f 230/157/74 231/160/74 232/155/74
f 231/160/90 233/159/90 202/167/90
f 231/160/91 230/157/91 201/158/91
f 230/157/91 200/166/91 201/158/91
f 198/163/92 199/190/92 229/164/92
f 229/164/93 199/190/93 200/166/93
f 196/161/94 197/191/94 226/162/94
f 227/156/97 232/155/116 195/168/95
f 232/155/116 202/167/117 195/168/95
f 226/162/98 197/191/98 198/163/98
f 236/165/84 234/162/84 237/164/84
f 234/162/84 235/156/84 237/164/84
f 235/156/84 240/155/84 238/157/84
f 240/155/84 239/160/84 238/157/84
f 223/166/100 238/157/100 224/158/100
f 238/157/100 239/160/99 224/158/100
f 234/162/101 220/191/101 219/161/101
f 237/164/102 222/190/102 221/163/102
f 237/164/103 238/157/103 223/166/103
f 234/162/104 236/165/104 221/163/104
f 239/160/105 240/155/105 194/167/105
f 194/167/118 240/155/119 193/168/108
f 240/155/119 235/156/106 193/168/108
f 243/242/120 248/243/120 245/244/120
f 318/245/121 317/246/122 252/247/123
f 258/248/124 247/249/124 260/250/124
f 262/251/125 258/248/125 260/250/125
f 241/252/126 243/253/126 242/254/126
f 257/255/127 262/256/127 259/257/127
f 302/258/128 250/259/129 268/260/130
f 271/261/131 278/262/132 275/263/132
f 274/264/133 272/265/133 273/266/133
f 282/267/134 279/268/134 280/269/134
f 284/270/120 281/271/120 282/272/120
f 286/273/135 283/274/135 284/275/135
f 288/276/136 285/277/136 286/273/136
f 280/278/137 288/279/137 286/280/137
f 287/281/138 280/282/138 279/283/138
f 314/284/139 309/285/140 317/286/141
f 318/245/121 268/287/142 250/288/143
f 269/289/144 270/290/145 289/291/146
f 270/290/145 267/292/147 289/291/146
f 267/292/147 268/287/142 289/291/146
f 267/293/148 304/294/148 301/295/148
f 295/296/149 292/297/149 291/298/149
f 259/257/134 242/254/134 257/255/134
f 263/299/150 248/243/150 265/300/150
f 244/301/150 266/302/150 247/249/150
f 264/303/151 265/304/151 266/302/151
f 300/305/152 302/306/152 297/307/152
f 267/308/153 302/309/154 268/310/155
f 270/311/156 303/312/157 304/313/158
f 318/245/121 269/289/144 289/291/146
f 316/314/159 305/315/160 308/316/161
f 298/317/162 311/318/162 310/319/162
f 250/288/143 316/320/163 318/245/121
f 316/320/163 317/246/122 318/245/121
f 315/321/164 317/246/165 316/320/166
f 307/322/167 253/323/167 254/324/167
f 272/265/168 277/325/168 273/266/168
f 276/326/169 278/262/132 277/327/169
f 315/328/170 308/316/161 251/329/171
f 252/330/172 309/285/140 311/331/173
f 252/330/172 303/332/174 269/333/175
f 299/334/176 303/335/176 298/336/176
f 290/337/169 302/338/169 301/339/169
f 254/340/177 314/341/177 312/342/177
f 313/343/178 314/341/178 315/344/178
f 310/319/179 309/345/179 307/322/179
f 249/346/180 315/344/180 251/347/180
f 300/305/181 308/348/182 305/349/181
f 249/350/183 308/348/182 306/351/182
f 299/334/184 301/339/184 304/352/184
f 255/353/185 321/354/185 322/355/185
f 294/356/186 321/357/186 256/358/186
f 293/359/187 295/360/187 291/361/187
f 294/362/188 256/363/188 293/364/188
f 273/365/189 278/366/190 274/367/191
f 337/368/192 338/369/193 343/370/194
f 342/371/195 325/372/196 327/373/197
f 341/371/198 323/374/199 333/375/200
f 324/374/201 325/372/196 342/371/195
f 344/370/202 339/368/203 341/371/198
f 341/371/198 330/373/204 328/372/205
f 329/376/206 344/370/202 334/377/207
f 326/376/208 332/377/209 343/370/194
f 285/280/210 287/279/210 279/278/210
f 354/245/211 346/247/212 353/246/213
f 345/259/214 297/258/215 348/260/216
f 307/285/217 312/284/218 353/286/219
f 348/287/220 354/245/211 345/288/221
f 349/289/222 351/291/223 350/290/224
f 350/290/224 351/291/223 347/292/225
f 347/292/225 351/291/223 348/287/220
f 347/293/226 299/294/226 350/378/226
f 297/309/227 347/308/228 348/310/229
f 350/311/230 298/312/231 349/379/232
f 349/289/222 354/245/211 351/291/223
f 300/315/233 352/314/234 306/316/235
f 345/288/221 354/245/211 352/320/236
f 352/320/236 354/245/211 353/246/213
f 353/246/237 313/321/238 352/320/239
f 306/316/235 313/328/240 249/329/241
f 346/330/242 307/285/217 353/286/219
f 298/332/243 346/330/242 349/333/244
f 275/366/245 272/365/246 271/367/247
f 294/359/248 296/360/248 319/380/248
f 322/357/249 293/356/249 255/358/249
f 355/381/250 358/382/250 357/383/250
f 358/382/251 359/384/251 357/383/251
f 363/385/252 362/386/252 361/387/252
f 365/388/253 364/389/253 363/385/253
f 361/390/254 356/391/254 355/392/254
f 366/393/255 359/384/255 360/394/255
f 358/395/256 366/396/256 360/397/256
f 362/398/256 358/395/256 356/399/256
f 357/395/257 365/396/257 363/400/257
f 357/395/257 361/398/257 355/399/257
f 319/401/258 296/402/258 295/403/258
f 243/242/120 246/404/120 248/243/120
f 258/248/124 244/301/124 247/249/124
f 262/251/125 261/405/125 258/248/125
f 241/252/126 246/406/126 243/253/126
f 257/255/127 261/407/127 262/256/127
f 302/258/128 305/408/259 250/259/129
f 271/261/131 274/409/131 278/262/132
f 274/264/133 271/410/133 272/265/133
f 282/267/134 281/411/134 279/268/134
f 284/270/120 283/412/120 281/271/120
f 286/273/135 285/277/135 283/274/135
f 288/276/136 287/413/136 285/277/136
f 284/414/137 282/415/137 286/280/137
f 282/415/137 280/278/137 286/280/137
f 287/281/138 288/416/138 280/282/138
f 314/284/139 253/417/260 309/285/140
f 318/245/121 289/291/146 268/287/142
f 267/293/148 270/378/148 304/294/148
f 295/296/149 296/418/149 292/297/149
f 259/257/134 241/252/134 242/254/134
f 263/299/150 245/244/150 248/243/150
f 244/301/150 264/303/150 266/302/150
f 264/303/151 263/419/151 265/304/151
f 300/305/152 305/349/152 302/306/152
f 267/308/153 301/420/261 302/309/154
f 270/311/156 269/379/157 303/312/157
f 318/245/121 252/247/123 269/289/144
f 316/314/159 250/421/262 305/315/160
f 298/317/162 303/422/162 311/318/162
f 315/321/164 314/423/263 317/246/165
f 307/322/167 309/345/167 253/323/167
f 272/265/168 276/424/168 277/325/168
f 276/326/169 275/263/132 278/262/132
f 315/328/170 316/314/159 308/316/161
f 252/330/172 317/286/141 309/285/140
f 252/330/172 311/331/173 303/332/174
f 299/334/176 304/352/176 303/335/176
f 290/337/169 297/425/169 302/338/169
f 254/340/177 253/426/177 314/341/177
f 313/343/178 312/342/178 314/341/178
f 310/319/179 311/318/179 309/345/179
f 249/346/180 313/343/180 315/344/180
f 300/305/181 306/351/182 308/348/182
f 249/350/183 251/427/183 308/348/182
f 299/334/184 290/337/184 301/339/184
f 255/353/185 256/428/185 321/354/185
f 294/356/186 319/429/186 321/357/186
f 293/359/187 320/380/187 295/360/187
f 256/363/188 255/430/188 293/364/188
f 293/364/188 291/431/188 292/432/188
f 292/432/188 294/362/188 293/364/188
f 273/365/189 277/433/264 278/366/190
f 338/369/193 326/376/208 343/370/194
f 343/370/194 342/371/195 337/368/192
f 342/371/195 327/373/197 337/368/192
f 334/377/207 344/370/202 336/434/265
f 344/370/202 341/371/198 333/375/200
f 341/371/198 328/372/205 323/374/199
f 333/375/200 336/434/265 344/370/202
f 342/371/195 343/370/194 331/375/266
f 343/370/194 332/377/209 335/434/267
f 331/375/266 343/370/194 335/434/267
f 331/375/266 324/374/201 342/371/195
f 344/370/202 329/376/206 340/369/268
f 340/369/268 339/368/203 344/370/202
f 339/368/203 330/373/204 341/371/198
f 279/278/210 281/415/210 285/280/210
f 281/415/210 283/414/210 285/280/210
f 345/259/214 300/408/269 297/258/215
f 307/285/217 254/417/270 312/284/218
f 348/287/220 351/291/223 354/245/211
f 347/293/226 290/295/226 299/294/226
f 297/309/227 290/420/228 347/308/228
f 350/311/230 299/313/230 298/312/231
f 349/289/222 346/247/212 354/245/211
f 300/315/233 345/421/271 352/314/234
f 353/246/237 312/423/272 313/321/238
f 306/316/235 352/314/234 313/328/240
f 346/330/242 310/331/273 307/285/217
f 298/332/243 310/331/273 346/330/242
f 275/366/245 276/433/274 272/365/246
f 294/359/248 292/361/248 296/360/248
f 322/357/249 320/429/249 293/356/249
f 355/381/250 356/435/250 358/382/250
f 358/382/251 360/394/251 359/384/251
f 363/385/252 364/389/252 362/386/252
f 365/388/253 366/436/253 364/389/253
f 361/390/254 362/437/254 356/391/254
f 366/393/255 365/438/255 359/384/255
f 358/395/256 364/400/256 366/396/256
f 362/398/256 364/400/256 358/395/256
f 357/395/257 359/397/257 365/396/257
f 357/395/257 363/400/257 361/398/257
f 295/403/258 320/439/258 319/401/258
f 320/439/258 322/440/258 319/401/258
f 322/440/258 321/441/258 319/401/258
f 369/242/275 371/244/275 374/243/275
f 439/245/276 378/247/277 438/246/278
f 384/248/279 386/250/279 373/249/279
f 388/251/280 386/250/280 384/248/280
f 367/252/281 368/254/281 369/253/281
f 383/255/282 385/257/282 388/256/282
f 423/258/283 394/260/284 376/259/285
f 397/261/286 401/263/287 404/262/287
f 400/264/288 399/266/288 398/265/288
f 406/267/289 405/269/289 466/268/289
f 407/270/275 406/272/275 467/271/275
f 408/273/290 407/275/290 468/274/290
f 409/276/291 408/273/291 469/277/291
f 405/278/292 408/280/292 409/279/292
f 470/281/293 466/283/293 405/282/293
f 435/284/294 438/286/295 430/285/296
f 439/245/276 376/288/297 394/287/298
f 395/289/299 410/291/300 396/290/301
f 396/290/301 410/291/300 393/292/302
f 393/292/302 410/291/300 394/287/298
f 393/293/303 422/295/303 425/294/303
f 416/296/304 412/298/304 413/297/304
f 385/257/289 383/255/289 368/254/289
f 389/299/305 391/300/305 374/243/305
f 370/301/305 373/249/305 392/302/305
f 390/303/306 392/302/306 391/304/306
f 421/305/307 418/307/307 423/306/307
f 393/308/308 394/310/309 423/309/310
f 396/311/311 425/313/311 424/312/311
f 439/245/276 410/291/300 395/289/299
f 437/314/312 429/316/313 426/315/314
f 419/317/315 431/319/315 432/318/315
f 376/288/297 439/245/276 437/320/316
f 437/320/316 439/245/276 438/246/278
f 436/321/317 437/320/318 438/246/319
f 428/322/320 380/324/320 379/323/320
f 398/265/321 399/266/321 403/325/321
f 402/326/322 403/327/322 404/262/287
f 436/328/323 377/329/324 429/316/313
f 378/330/325 432/331/326 430/285/296
f 378/330/325 395/333/327 424/332/328
f 420/334/329 419/336/329 424/335/329
f 411/337/322 422/339/322 423/338/322
f 380/340/330 433/342/330 435/341/330
f 434/343/331 436/344/331 435/341/331
f 431/319/332 428/322/332 430/345/332
f 375/346/333 377/347/333 436/344/333
f 421/305/334 426/349/334 429/348/335
f 375/350/336 427/351/335 429/348/335
f 420/334/337 425/352/337 422/339/337
f 381/353/338 443/355/338 442/354/338
f 415/356/339 382/358/339 442/357/339
f 414/359/340 412/361/340 416/360/340
f 415/362/341 414/364/341 382/363/341
f 399/365/342 400/367/343 404/366/344
f 458/368/345 464/370/346 459/369/347
f 463/371/348 448/373/349 446/372/350
f 462/371/351 454/375/352 444/374/353
f 445/374/354 463/371/348 446/372/350
f 465/370/355 462/371/351 460/368/356
f 462/371/351 449/372/357 451/373/358
f 450/376/359 455/377/360 465/370/355
f 447/376/361 464/370/346 453/377/362
f 469/280/363 466/278/363 470/279/363
f 480/245/364 479/246/365 472/247/366
f 471/259/367 474/260/368 418/258/369
f 428/285/370 479/286/371 433/284/372
f 474/287/373 471/288/374 480/245/364
f 475/289/375 476/290/376 477/291/377
f 476/290/376 473/292/378 477/291/377
f 473/292/378 474/287/373 477/291/377
f 473/293/379 476/378/379 420/294/379
f 418/309/380 474/310/381 473/308/382
f 476/311/383 475/379/384 419/312/384
f 475/289/375 477/291/377 480/245/364
f 421/315/385 427/316/386 478/314/387
f 471/288/374 478/320/388 480/245/364
f 478/320/388 479/246/365 480/245/364
f 479/246/389 478/320/390 434/321/391
f 427/316/386 375/329/392 434/328/393
f 472/330/394 479/286/371 428/285/370
f 419/332/395 475/333/396 472/330/394
f 401/366/397 397/367/398 398/365/399
f 415/359/400 440/380/400 417/360/400
f 443/357/401 381/358/401 414/356/401
f 481/381/402 483/383/402 484/382/402
f 484/382/403 483/383/403 485/384/403
f 489/385/404 487/387/404 488/386/404
f 491/388/405 489/385/405 490/389/405
f 487/390/406 481/392/406 482/391/406
f 492/393/407 486/394/407 485/384/407
f 484/395/408 486/397/408 492/396/408
f 488/398/408 482/399/408 484/395/408
f 483/395/409 489/400/409 491/396/409
f 483/395/409 481/399/409 487/398/409
f 440/401/410 416/403/410 417/402/410
f 369/242/275 374/243/275 372/404/275
f 384/248/279 373/249/279 370/301/279
f 388/251/280 384/248/280 387/405/280
f 367/252/281 369/253/281 372/406/281
f 383/255/282 388/256/282 387/407/282
f 423/258/283 376/259/285 426/408/411
f 397/261/286 404/262/287 400/409/286
f 400/264/288 398/265/288 397/410/288
f 406/267/289 466/268/289 467/411/289
f 407/270/275 467/271/275 468/412/275
f 408/273/290 468/274/290 469/277/290
f 409/276/291 469/277/291 470/413/291
f 407/414/292 408/280/292 406/415/292
f 406/415/292 408/280/292 405/278/292
f 470/281/293 405/282/293 409/416/293
f 435/284/294 430/285/296 379/417/412
f 439/245/276 394/287/298 410/291/300
f 393/293/303 425/294/303 396/378/303
f 416/296/304 413/297/304 417/418/304
f 385/257/289 368/254/289 367/252/289
f 389/299/305 374/243/305 371/244/305
f 370/301/305 392/302/305 390/303/305
f 390/303/306 391/304/306 389/419/306
f 421/305/307 423/306/307 426/349/307
f 393/308/308 423/309/310 422/420/413
f 396/311/311 424/312/311 395/379/414
f 439/245/276 395/289/299 378/247/277
f 437/314/312 426/315/314 376/421/415
f 419/317/315 432/318/315 424/422/315
f 436/321/317 438/246/319 435/423/416
f 428/322/320 379/323/320 430/345/320
f 398/265/321 403/325/321 402/424/321
f 402/326/322 404/262/287 401/263/287
f 436/328/323 429/316/313 437/314/312
f 378/330/325 430/285/296 438/286/295
f 378/330/325 424/332/328 432/331/326
f 420/334/329 424/335/329 425/352/329
f 411/337/322 423/338/322 418/425/322
f 380/340/330 435/341/330 379/426/330
f 434/343/331 435/341/331 433/342/331
f 431/319/332 430/345/332 432/318/332
f 375/346/333 436/344/333 434/343/333
f 421/305/334 429/348/335 427/351/335
f 375/350/336 429/348/335 377/427/336
f 420/334/337 422/339/337 411/337/337
f 381/353/338 442/354/338 382/428/338
f 415/356/339 442/357/339 440/429/339
f 414/359/340 416/360/340 441/380/340
f 382/363/341 414/364/341 381/430/341
f 414/364/341 413/432/341 412/431/341
f 413/432/341 414/364/341 415/362/341
f 399/365/342 404/366/344 403/433/417
f 459/369/347 464/370/346 447/376/361
f 464/370/346 458/368/345 463/371/348
f 463/371/348 458/368/345 448/373/349
f 455/377/360 457/434/418 465/370/355
f 465/370/355 454/375/352 462/371/351
f 462/371/351 444/374/353 449/372/357
f 454/375/352 465/370/355 457/434/418
f 463/371/348 452/375/419 464/370/346
f 464/370/346 456/434/420 453/377/362
f 452/375/419 456/434/420 464/370/346
f 452/375/419 463/371/348 445/374/354
f 465/370/355 461/369/421 450/376/359
f 461/369/421 465/370/355 460/368/356
f 460/368/356 462/371/351 451/373/358
f 466/278/363 469/280/363 467/415/363
f 467/415/363 469/280/363 468/414/363
f 471/259/367 418/258/369 421/408/422
f 428/285/370 433/284/372 380/417/423
f 474/287/373 480/245/364 477/291/377
f 473/293/379 420/294/379 411/295/379
f 418/309/380 473/308/382 411/420/424
f 476/311/383 419/312/384 420/313/383
f 475/289/375 480/245/364 472/247/366
f 421/315/385 478/314/387 471/421/425
f 479/246/389 434/321/391 433/423/426
f 427/316/386 434/328/393 478/314/387
f 472/330/394 428/285/370 431/331/427
f 419/332/395 472/330/394 431/331/427
f 401/366/397 398/365/399 402/433/428
f 415/359/400 417/360/400 413/361/400
f 443/357/401 414/356/401 441/429/401
f 481/381/402 484/382/402 482/435/402
f 484/382/403 485/384/403 486/394/403
f 489/385/404 488/386/404 490/389/404
f 491/388/405 490/389/405 492/436/405
f 487/390/406 482/391/406 488/437/406
f 492/393/407 485/384/407 491/438/407
f 484/395/408 492/396/408 490/400/408
f 488/398/408 484/395/408 490/400/408
f 483/395/409 491/396/409 485/397/409
f 483/395/409 487/398/409 489/400/409
f 416/403/410 440/401/410 441/439/410
f 441/439/410 440/401/410 443/440/410
f 443/440/410 440/401/410 442/441/410
f 495/442/429 494/443/429 513/444/429
f 496/445/430 519/446/430 495/447/430
f 518/448/431 513/449/431 494/450/431
f 512/451/431 516/452/431 493/453/431
f 526/454/432 527/455/432 528/456/432
f 527/457/433 521/458/433 528/459/433
f 521/460/434 522/461/434 506/462/434
f 498/463/435 503/464/435 502/465/435
f 513/449/436 514/466/436 512/451/436
f 520/467/437 517/468/437 514/469/437
f 497/470/438 520/471/438 496/472/438
f 493/473/439 517/474/439 497/475/439
f 495/476/440 518/477/440 494/478/440
f 523/479/431 528/480/431 521/481/431
f 527/482/441 506/483/441 522/484/441
f 526/485/442 524/486/442 506/487/442
f 523/488/443 529/489/444 525/490/445
f 505/491/446 501/492/446 504/493/446
f 500/494/447 509/495/447 501/496/447
f 502/497/448 510/498/448 508/499/448
f 511/500/446 499/501/446 498/463/446
f 505/491/446 530/502/446 511/500/446
f 508/503/449 509/504/449 507/505/449
f 510/506/434 503/507/434 499/508/434
f 509/509/434 504/510/434 501/511/434
f 510/506/450 499/508/450 530/512/450
f 504/510/451 510/506/451 530/512/451
f 505/510/432 507/509/432 500/511/432
f 508/506/432 498/508/432 502/507/432
f 508/506/452 511/512/452 498/508/452
f 505/510/453 511/512/453 508/506/453
f 534/513/454 535/514/454 550/515/454
f 557/446/455 534/445/455 533/447/455
f 551/449/456 556/448/456 532/450/456
f 550/451/456 554/452/456 552/466/456
f 566/456/432 565/455/432 564/454/432
f 565/457/457 559/458/457 560/516/457
f 544/462/434 560/461/434 559/460/434
f 541/464/458 536/463/458 540/465/458
f 550/451/459 553/517/459 551/449/459
f 557/518/460 556/519/460 553/520/460
f 558/471/461 535/470/461 534/472/461
f 555/474/462 531/473/462 535/475/462
f 556/477/463 533/476/463 532/478/463
f 561/479/456 566/480/456 563/521/456
f 544/483/464 565/482/464 560/484/464
f 562/486/465 564/485/465 544/487/465
f 567/489/466 561/488/467 563/490/468
f 542/493/469 538/522/469 543/491/469
f 547/495/470 538/494/470 539/496/470
f 548/498/471 540/497/471 546/499/471
f 537/501/469 549/500/469 536/463/469
f 568/502/469 543/491/469 549/500/469
f 547/504/472 546/503/472 545/505/472
f 548/506/434 537/508/434 541/507/434
f 542/510/434 547/509/434 539/511/434
f 548/506/473 568/512/473 537/508/473
f 542/510/474 568/512/474 548/506/474
f 545/509/432 543/510/432 538/511/432
f 546/506/432 540/507/432 536/508/432
f 546/506/475 536/508/475 549/512/475
f 543/510/476 546/506/476 549/512/476
f 571/523/432 570/524/432 615/525/432
f 614/526/434 616/527/434 569/528/434
f 604/529/431 572/530/431 574/531/431
f 591/532/477 577/533/477 576/534/477
f 575/531/478 577/535/478 573/530/478
f 572/536/479 591/537/479 576/538/479
f 582/539/480 588/540/480 589/541/480
f 585/542/434 586/543/434 584/544/434
f 581/545/481 584/546/481 580/547/481
f 588/548/456 587/549/456 585/550/456
f 582/551/482 587/552/482 583/553/482
f 589/541/483 581/554/483 580/555/483
f 578/556/434 577/557/434 579/558/434
f 573/536/484 590/537/484 592/559/484
f 595/560/485 597/561/485 594/562/485
f 599/563/432 601/564/432 600/565/432
f 596/566/482 601/567/482 597/568/482
f 598/569/486 595/570/486 594/571/486
f 569/572/431 571/573/431 615/574/431
f 599/575/456 596/576/456 595/577/456
f 590/578/487 593/579/487 592/580/487
f 602/581/481 573/582/481 572/583/481
f 573/530/456 605/529/456 575/531/456
f 607/560/488 609/561/488 608/584/488
f 608/576/431 611/575/431 607/577/431
f 618/573/456 614/572/456 570/574/456
f 611/563/432 613/564/432 610/585/432
f 607/570/489 610/569/489 606/571/489
f 608/566/482 613/567/482 612/586/482
f 570/587/481 569/588/481 615/589/481
f 616/590/482 618/591/482 571/592/482
f 576/535/490 574/531/490 572/530/490
f 578/593/491 575/594/491 574/595/491
f 604/596/482 575/597/482 605/598/482
f 593/599/492 573/600/492 592/601/492
f 602/602/432 605/603/432 603/604/432
f 586/549/431 582/605/431 589/548/431
f 622/606/432 625/607/432 621/608/432
f 626/609/456 623/610/456 625/611/456
f 624/612/434 619/613/434 623/614/434
f 625/615/481 619/616/481 621/617/481
f 622/618/482 624/619/482 626/620/482
f 619/610/431 622/609/431 621/611/431
f 512/515/429 493/621/429 497/514/429
f 497/514/429 496/513/429 512/515/429
f 496/513/429 495/442/429 513/444/429
f 512/515/429 496/513/429 513/444/429
f 496/445/430 520/622/430 519/446/430
f 518/448/431 515/517/431 513/449/431
f 512/451/431 514/466/431 516/452/431
f 528/456/432 525/623/432 526/454/432
f 525/623/432 529/624/432 526/454/432
f 527/457/433 522/516/433 521/458/433
f 524/625/434 523/626/434 506/462/434
f 523/626/434 521/460/434 506/462/434
f 498/463/435 499/501/435 503/464/435
f 513/449/436 515/517/436 514/466/436
f 517/468/437 516/627/437 514/469/437
f 514/469/437 515/520/437 520/467/437
f 515/520/437 518/519/437 519/518/437
f 519/518/437 520/467/437 515/520/437
f 497/470/438 517/628/438 520/471/438
f 493/473/439 516/629/439 517/474/439
f 495/476/440 519/630/440 518/477/440
f 523/479/431 525/521/431 528/480/431
f 527/482/441 526/631/441 506/483/441
f 526/485/442 529/632/442 524/486/442
f 523/488/443 524/633/493 529/489/444
f 505/491/446 500/522/446 501/492/446
f 500/494/447 507/634/447 509/495/447
f 502/497/448 503/635/448 510/498/448
f 511/500/446 530/502/446 499/501/446
f 505/491/446 504/493/446 530/502/446
f 508/503/449 510/636/449 509/504/449
f 509/509/434 510/506/434 504/510/434
f 505/510/432 508/506/432 507/509/432
f 535/514/454 531/621/454 550/515/454
f 550/515/454 551/444/454 534/513/454
f 551/444/454 532/443/454 533/442/454
f 533/442/454 534/513/454 551/444/454
f 557/446/455 558/622/455 534/445/455
f 551/449/456 553/517/456 556/448/456
f 550/451/456 531/453/456 554/452/456
f 567/624/432 563/623/432 564/454/432
f 563/623/432 566/456/432 564/454/432
f 565/457/457 566/459/457 559/458/457
f 559/460/434 561/626/434 544/462/434
f 561/626/434 562/625/434 544/462/434
f 541/464/458 537/501/458 536/463/458
f 550/451/459 552/466/459 553/517/459
f 552/469/460 554/627/460 555/468/460
f 555/468/460 558/467/460 552/469/460
f 558/467/460 557/518/460 553/520/460
f 552/469/460 558/467/460 553/520/460
f 558/471/461 555/628/461 535/470/461
f 555/474/462 554/629/462 531/473/462
f 556/477/463 557/630/463 533/476/463
f 561/479/456 559/481/456 566/480/456
f 544/483/464 564/631/464 565/482/464
f 562/486/465 567/632/465 564/485/465
f 567/489/466 562/633/494 561/488/467
f 542/493/469 539/492/469 538/522/469
f 547/495/470 545/634/470 538/494/470
f 548/498/471 541/635/471 540/497/471
f 537/501/469 568/502/469 549/500/469
f 568/502/469 542/493/469 543/491/469
f 547/504/472 548/636/472 546/503/472
f 542/510/434 548/506/434 547/509/434
f 545/509/432 546/506/432 543/510/432
f 571/523/432 618/637/432 570/524/432
f 614/526/434 617/638/434 616/527/434
f 604/529/431 602/639/431 572/530/431
f 591/532/477 590/640/477 577/533/477
f 575/531/478 579/641/478 577/535/478
f 572/536/479 593/559/479 591/537/479
f 582/539/480 583/642/480 588/540/480
f 585/542/434 587/643/434 586/543/434
f 581/545/481 585/644/481 584/546/481
f 585/550/456 581/645/456 588/548/456
f 588/548/456 583/605/456 587/549/456
f 582/551/482 586/646/482 587/552/482
f 589/541/483 588/540/483 581/554/483
f 578/556/434 576/647/434 577/557/434
f 573/536/484 577/538/484 590/537/484
f 595/560/485 596/584/485 597/561/485
f 599/563/432 598/585/432 601/564/432
f 596/566/482 600/586/482 601/567/482
f 598/569/486 599/648/486 595/570/486
f 569/572/431 616/649/431 571/573/431
f 599/575/456 600/650/456 596/576/456
f 590/578/487 591/651/487 593/579/487
f 602/581/481 603/652/481 573/582/481
f 573/530/456 603/639/456 605/529/456
f 607/560/488 606/562/488 609/561/488
f 608/576/431 612/650/431 611/575/431
f 618/573/456 617/649/456 614/572/456
f 611/563/432 612/565/432 613/564/432
f 607/570/489 611/648/489 610/569/489
f 608/566/482 609/568/482 613/567/482
f 570/587/481 614/653/481 569/588/481
f 616/590/482 617/654/482 618/591/482
f 576/535/490 578/641/490 574/531/490
f 578/593/491 579/655/491 575/594/491
f 604/596/482 574/656/482 575/597/482
f 593/599/492 572/657/492 573/600/492
f 602/602/432 604/658/432 605/603/432
f 589/548/431 580/645/431 584/550/431
f 584/550/431 586/549/431 589/548/431
f 622/606/432 626/659/432 625/607/432
f 626/609/456 624/660/456 623/610/456
f 624/612/434 620/661/434 619/613/434
f 625/615/481 623/662/481 619/616/481
f 622/618/482 620/663/482 624/619/482
f 619/610/431 620/660/431 622/609/431
f 638/664/495 637/665/496 662/666/497
f 637/667/498 640/668/499 633/669/500
f 636/670/501 640/671/502 642/672/503
f 634/673/504 642/672/503 641/674/505
f 672/675/506 635/676/506 644/677/506
f 642/672/503 643/678/507 641/674/505
f 666/679/508 645/680/509 635/681/508
f 669/682/510 664/683/510 639/684/510
f 673/685/511 698/686/511 679/687/511
f 636/670/501 646/688/512 648/689/513
f 628/690/514 648/689/513 647/691/515
f 647/691/515 649/692/516 627/693/517
f 636/670/501 628/690/514 633/694/518
f 708/695/519 668/696/520 677/697/521
f 671/698/522 685/699/522 710/700/522
f 651/701/523 630/702/523 629/703/523
f 650/704/524 629/703/524 628/705/524
f 671/706/525 644/707/525 643/708/525
f 652/709/526 631/710/526 630/702/526
f 656/711/527 655/712/527 632/713/527
f 682/714/528 688/715/529 681/716/530
f 639/717/531 658/718/532 632/719/533
f 680/720/534 687/721/535 683/722/536
f 662/723/537 663/724/537 661/725/537
f 637/726/524 663/727/524 662/728/524
f 660/729/524 658/730/524 662/728/524
f 629/731/538 661/732/539 663/733/540
f 660/734/541 662/723/541 661/725/541
f 686/735/542 664/736/543 688/715/529
f 669/737/544 639/738/545 654/739/546
f 657/740/547 631/741/548 653/742/548
f 652/743/549 651/744/550 655/745/551
f 639/746/552 632/747/552 655/748/552
f 655/749/553 650/750/554 639/738/545
f 650/750/554 654/739/546 639/738/545
f 675/751/555 669/737/544 654/739/546
f 667/752/556 670/753/557 668/754/558
f 678/755/559 682/714/528 681/716/530
f 703/756/560 669/737/544 675/751/555
f 676/757/561 669/758/562 665/759/563
f 675/760/564 650/761/564 647/762/565
f 679/763/566 648/689/513 646/688/512
f 668/696/520 683/722/536 677/697/521
f 669/758/562 683/764/567 682/765/568
f 670/753/557 680/766/569 668/754/558
f 681/767/570 664/683/570 678/768/570
f 710/769/571 684/770/572 680/766/569
f 683/764/567 686/771/573 682/765/568
f 684/770/572 640/668/499 638/772/574
f 687/721/535 638/664/495 659/773/575
f 643/678/507 640/671/502 685/774/576
f 639/717/531 687/775/577 659/776/578
f 641/777/579 644/778/580 635/779/581
f 695/670/582 670/671/583 693/694/584
f 694/673/585 697/672/586 695/670/582
f 697/672/586 696/674/587 671/678/588
f 698/688/589 695/670/582 699/689/590
f 699/689/590 689/690/591 674/691/592
f 674/691/592 649/692/593 699/689/590
f 695/670/582 693/694/584 689/690/591
f 691/780/523 700/781/523 690/782/523
f 690/782/524 675/783/524 689/784/524
f 692/785/526 701/786/526 691/780/526
f 703/787/594 704/788/594 665/789/594
f 708/790/595 707/791/595 709/792/595
f 667/726/524 709/727/524 693/793/524
f 676/730/524 706/729/524 708/728/524
f 709/733/596 707/732/597 690/731/598
f 706/794/599 707/791/599 708/790/599
f 692/795/548 705/796/548 702/797/548
f 703/745/600 701/743/601 705/798/602
f 669/799/603 703/787/603 665/789/603
f 699/689/590 679/763/604 698/688/589
f 670/671/583 671/678/588 710/774/605
f 696/800/606 672/801/607 671/802/608
f 711/803/609 714/804/609 712/805/609
f 719/806/610 735/807/610 736/808/610
f 735/809/611 716/810/611 737/811/611
f 736/812/612 737/813/612 738/814/612
f 724/815/613 727/816/613 720/817/613
f 725/818/614 727/819/614 726/820/614
f 723/821/615 726/820/615 722/822/615
f 726/820/616 724/823/616 725/818/616
f 727/819/617 721/824/617 726/820/617
f 726/820/618 721/824/618 722/822/618
f 721/825/619 723/826/619 722/827/619
f 729/828/620 732/829/620 733/830/620
f 731/831/621 728/832/621 713/833/621
f 714/804/622 730/834/622 712/805/622
f 730/834/623 713/835/623 712/805/623
f 733/836/624 714/804/624 715/837/624
f 729/838/625 715/839/625 711/840/625
f 734/841/626 711/840/626 728/832/626
f 738/842/627 716/843/627 717/844/627
f 717/845/628 736/846/628 738/847/628
f 739/803/629 742/804/629 743/848/629
f 751/816/630 748/815/630 744/817/630
f 749/818/631 751/819/631 744/849/631
f 747/821/632 746/822/632 750/820/632
f 750/820/633 748/823/633 747/821/633
f 751/819/634 750/820/634 745/824/634
f 750/820/635 746/822/635 745/824/635
f 747/826/636 745/825/636 746/827/636
f 743/839/637 753/838/637 739/840/637
f 742/804/638 757/836/638 743/837/638
f 752/832/639 755/831/640 741/833/640
f 753/828/641 756/829/641 754/834/641
f 740/805/642 756/829/642 742/804/642
f 741/835/643 754/834/643 740/805/643
f 739/840/644 758/841/644 752/832/644
f 764/850/645 761/851/646 759/852/647
f 783/853/648 775/854/648 774/855/648
f 800/856/649 774/857/649 767/858/649
f 765/859/650 768/860/651 760/861/652
f 760/861/653 769/862/654 763/863/655
f 762/864/656 763/863/656 769/862/656
f 777/865/657 770/866/657 773/867/657
f 804/868/658 768/869/659 778/870/660
f 784/871/661 766/872/661 762/873/661
f 774/874/662 761/875/663 767/876/664
f 797/877/665 775/878/665 796/879/665
f 767/880/666 761/851/667 764/850/668
f 761/881/669 798/882/669 759/883/669
f 787/884/670 770/885/671 765/886/670
f 798/882/672 765/886/670 759/883/672
f 780/887/657 777/865/657 773/867/657
f 768/869/659 777/865/657 778/870/660
f 772/888/658 804/868/658 781/889/658
f 771/890/660 781/889/658 779/891/660
f 760/892/673 759/852/647 765/893/674
f 767/880/666 760/892/675 763/894/676
f 780/887/657 771/890/660 779/891/660
f 789/895/524 772/896/524 792/897/524
f 790/898/677 773/899/678 770/885/671
f 776/900/679 800/901/679 767/902/679
f 784/871/680 769/903/680 789/904/680
f 786/850/681 798/852/682 797/851/683
f 788/860/684 787/859/685 799/861/686
f 789/862/687 799/861/688 785/863/689
f 784/864/690 789/862/690 785/863/690
f 793/905/691 782/906/691 790/866/691
f 803/907/692 788/908/693 789/909/692
f 800/880/694 786/850/695 797/851/696
f 794/910/691 782/906/691 793/905/691
f 793/905/691 788/908/693 801/870/697
f 803/907/692 792/911/692 795/912/692
f 795/912/692 791/913/697 802/914/697
f 799/892/698 798/852/682 786/850/681
f 766/915/699 785/894/700 776/916/701
f 791/913/697 794/910/691 802/914/697
f 783/874/702 797/875/703 796/917/704
f 711/803/609 713/918/609 728/919/609
f 731/920/620 729/828/620 734/921/620
f 741/918/629 739/803/629 752/919/629
f 753/828/641 755/920/641 758/921/641
f 799/892/705 800/880/694 785/894/700
f 766/915/706 763/894/676 762/922/707
f 690/731/598 707/732/597 691/923/708
f 707/732/597 692/924/709 691/923/708
f 704/925/710 692/924/709 707/732/597
f 629/731/538 630/923/711 661/732/539
f 630/923/711 631/924/712 661/732/539
f 661/732/539 656/925/713 632/926/714
f 634/927/715 645/928/716 646/929/716
f 634/927/715 641/777/579 635/779/581
f 694/930/717 673/931/718 666/932/719
f 696/800/606 694/930/717 666/932/719
f 778/933/660 780/934/657 779/935/660
f 778/933/660 781/936/658 804/937/658
f 801/933/697 795/936/692 802/935/697
f 801/933/697 794/934/691 793/938/691
f 719/939/720 716/940/720 718/941/720
f 662/666/497 658/942/721 659/773/575
f 659/773/575 638/664/495 662/666/497
f 637/667/498 638/772/574 640/668/499
f 636/670/501 633/694/518 640/671/502
f 634/673/504 636/670/501 642/672/503
f 672/675/506 666/943/506 635/676/506
f 666/679/508 673/944/509 645/680/509
f 669/682/510 678/768/510 664/683/510
f 646/945/511 645/946/511 679/687/511
f 645/946/511 673/685/511 679/687/511
f 636/670/501 634/673/504 646/688/512
f 628/690/514 636/670/501 648/689/513
f 647/691/515 648/689/513 649/692/516
f 677/697/521 676/947/722 708/695/519
f 708/695/519 667/948/723 668/696/520
f 671/698/522 643/949/522 685/699/522
f 651/701/523 652/709/523 630/702/523
f 650/704/524 651/701/524 629/703/524
f 671/706/525 672/950/525 644/707/525
f 652/709/526 653/951/526 631/710/526
f 656/711/527 657/740/527 655/712/527
f 682/714/528 686/735/542 688/715/529
f 639/717/531 659/776/578 658/718/532
f 680/720/534 684/952/724 687/721/535
f 637/726/524 633/793/524 663/727/524
f 660/729/524 632/953/524 658/730/524
f 633/694/518 628/690/514 663/733/540
f 628/690/514 629/731/538 663/733/540
f 686/735/542 639/954/725 664/736/543
f 657/740/547 656/711/547 631/741/548
f 651/744/550 650/955/726 655/745/551
f 655/745/551 657/798/727 652/743/549
f 657/798/727 653/956/728 652/743/549
f 667/752/556 693/957/729 670/753/557
f 678/755/559 669/958/730 682/714/528
f 676/757/561 677/959/731 669/758/562
f 647/762/565 627/960/732 674/961/565
f 674/961/565 689/962/733 675/760/564
f 675/760/564 654/963/734 650/761/564
f 650/761/564 628/964/735 647/762/565
f 647/762/565 674/961/565 675/760/564
f 679/763/566 649/692/516 648/689/513
f 668/696/520 680/720/534 683/722/536
f 669/758/562 677/959/731 683/764/567
f 670/753/557 710/769/571 680/766/569
f 681/767/570 688/965/570 664/683/570
f 710/769/571 685/966/736 684/770/572
f 683/764/567 687/775/577 686/771/573
f 684/770/572 685/966/736 640/668/499
f 687/721/535 684/952/724 638/664/495
f 643/678/507 642/672/503 640/671/502
f 639/717/531 686/771/573 687/775/577
f 641/777/579 643/967/737 644/778/580
f 695/670/582 697/672/586 670/671/583
f 694/673/585 696/674/587 697/672/586
f 698/688/589 694/673/585 695/670/582
f 699/689/590 695/670/582 689/690/591
f 674/691/592 627/693/738 649/692/593
f 691/780/523 701/786/523 700/781/523
f 690/782/524 700/781/524 675/783/524
f 692/785/526 702/968/526 701/786/526
f 703/787/594 705/796/594 704/788/594
f 667/726/524 708/728/524 709/727/524
f 676/730/524 665/953/524 706/729/524
f 690/731/598 689/690/591 709/733/596
f 689/690/591 693/694/584 709/733/596
f 692/795/548 704/788/548 705/796/548
f 703/745/600 675/955/739 700/744/740
f 700/744/740 701/743/601 703/745/600
f 701/743/601 702/956/741 705/798/602
f 699/689/590 649/692/593 679/763/604
f 670/671/583 697/672/586 671/678/588
f 696/800/606 666/932/719 672/801/607
f 711/803/609 715/848/609 714/804/609
f 719/806/610 718/969/610 735/807/610
f 735/809/611 718/970/742 716/810/611
f 736/812/612 735/971/612 737/813/612
f 724/815/613 723/826/613 727/816/613
f 725/818/614 720/849/614 727/819/614
f 726/820/616 723/821/616 724/823/616
f 721/825/619 727/816/619 723/826/619
f 729/828/620 730/834/620 732/829/620
f 731/831/621 734/841/621 728/832/621
f 714/804/622 732/829/622 730/834/622
f 730/834/623 731/972/623 713/835/623
f 733/836/624 732/829/624 714/804/624
f 729/838/625 733/973/625 715/839/625
f 734/841/626 729/838/743 711/840/626
f 738/842/627 737/974/627 716/843/627
f 717/845/628 719/975/628 736/846/628
f 739/803/629 740/805/629 742/804/629
f 751/816/630 747/826/630 748/815/630
f 749/818/744 750/820/744 751/819/744
f 750/820/633 749/818/633 748/823/633
f 747/826/636 751/816/636 745/825/636
f 743/839/637 757/973/637 753/838/637
f 742/804/638 756/829/638 757/836/638
f 752/832/639 758/841/639 755/831/640
f 753/828/641 757/830/641 756/829/641
f 740/805/642 754/834/642 756/829/642
f 741/835/643 755/972/643 754/834/643
f 739/840/644 753/838/745 758/841/644
f 783/853/648 796/976/648 775/854/648
f 800/856/649 783/977/649 774/857/649
f 765/859/650 770/978/746 768/860/651
f 760/861/653 768/860/747 769/862/654
f 804/868/658 769/979/658 768/869/659
f 774/874/662 775/917/748 761/875/663
f 797/877/665 761/980/665 775/878/665
f 761/881/669 797/981/669 798/882/669
f 787/884/670 790/898/677 770/885/671
f 798/882/672 787/884/670 765/886/670
f 768/869/659 770/866/657 777/865/657
f 772/888/658 769/979/658 804/868/658
f 771/890/660 772/888/658 781/889/658
f 760/892/673 764/850/645 759/852/647
f 763/894/676 776/916/749 767/880/666
f 767/880/666 764/850/668 760/892/675
f 780/887/657 773/867/657 771/890/660
f 789/895/524 769/982/524 772/896/524
f 790/898/750 782/983/678 773/899/678
f 784/871/680 762/873/680 769/903/680
f 788/860/684 790/978/751 787/859/685
f 789/862/687 788/860/752 799/861/688
f 803/907/692 801/870/697 788/908/693
f 793/905/691 790/866/691 788/908/693
f 803/907/692 789/909/692 792/911/692
f 795/912/692 792/911/692 791/913/697
f 799/892/698 787/893/753 798/852/682
f 766/915/699 784/922/754 785/894/700
f 791/913/697 782/906/691 794/910/691
f 783/874/702 800/876/755 797/875/703
f 711/803/609 712/805/609 713/918/609
f 731/920/620 730/834/620 729/828/620
f 741/918/629 740/805/629 739/803/629
f 753/828/641 754/834/641 755/920/641
f 786/850/695 800/880/694 799/892/705
f 800/880/694 776/916/701 785/894/700
f 766/915/706 776/916/749 763/894/676
f 707/732/597 706/984/756 665/926/757
f 665/926/757 704/925/710 707/732/597
f 632/926/714 660/984/758 661/732/539
f 661/732/539 631/924/712 656/925/713
f 634/927/715 635/779/581 645/928/716
f 694/930/717 698/985/718 673/931/718
f 778/933/660 777/938/657 780/934/657
f 778/933/660 779/935/660 781/936/658
f 801/933/697 803/937/692 795/936/692
f 801/933/697 802/935/697 794/934/691
f 719/939/720 717/986/720 716/940/720
f 811/987/759 829/988/759 812/989/759
f 819/990/760 828/991/760 815/992/760
f 821/993/761 820/994/761 817/995/761
f 826/996/762 809/997/762 806/998/763
f 807/999/764 826/1000/764 824/1001/764
f 827/1002/765 810/1003/765 808/1004/766
f 822/1005/761 823/1006/761 813/1007/761
f 810/1008/767 827/1009/767 813/1010/767
f 818/1011/768 820/1012/768 825/1013/768
f 827/1014/769 820/1012/769 822/1015/769
f 825/1016/770 817/1017/770 818/1018/770
f 810/1014/771 821/1012/771 808/1013/771
f 826/1019/772 815/1020/772 817/1021/772
f 805/1020/773 806/1022/773 809/1019/773
f 816/1011/774 808/1013/774 821/1012/774
f 827/1014/775 822/1015/775 813/1023/775
f 810/1014/776 813/1023/776 823/1015/776
f 808/1016/777 814/1017/777 807/1024/777
f 806/990/778 811/991/778 812/1025/778
f 811/987/759 828/1026/759 829/988/759
f 819/990/760 829/1025/760 828/991/760
f 815/1027/761 828/1026/761 811/987/761
f 811/987/761 805/1028/761 815/1027/761
f 805/1028/761 814/1029/761 817/995/761
f 814/1029/761 816/1030/761 821/993/761
f 821/993/761 823/1006/761 822/1005/761
f 820/994/761 818/1031/761 817/995/761
f 821/993/761 822/1005/761 820/994/761
f 805/1028/761 817/995/761 815/1027/761
f 814/1029/761 821/993/761 817/995/761
f 806/998/763 812/1032/779 829/1033/779
f 829/1033/779 819/1034/763 806/998/763
f 819/1034/763 826/996/762 806/998/763
f 807/999/764 809/1035/764 826/1000/764
f 808/1004/766 807/1036/780 824/1037/780
f 824/1037/780 825/1038/766 808/1004/766
f 825/1038/766 827/1002/765 808/1004/766
f 827/1014/769 825/1013/769 820/1012/769
f 825/1016/770 824/1024/770 817/1017/770
f 810/1014/771 823/1015/771 821/1012/771
f 817/1021/772 824/1039/772 826/1019/772
f 826/1019/772 819/1022/772 815/1020/772
f 809/1019/773 807/1039/773 814/1021/773
f 814/1021/773 805/1020/773 809/1019/773
f 808/1016/777 816/1018/777 814/1017/777
f 806/990/778 805/992/778 811/991/778
f 920/1040/781 830/1041/781 918/1042/781
f 921/1043/782 920/1044/782 922/1045/782
f 919/1046/783 921/1047/783 922/1048/783
f 840/1049/784 917/1050/784 839/1051/784
f 842/1052/785 837/1053/785 841/1054/785
f 917/1055/734 837/1056/734 839/1057/734
f 840/1058/661 842/1059/661 843/1060/661
f 897/1061/786 861/1062/786 898/1063/786
f 856/1064/787 854/1065/787 873/1066/787
f 849/1067/788 866/1068/788 847/1069/788
f 855/1070/789 866/1071/789 849/1072/789
f 943/1073/790 852/1074/790 851/1075/790
f 853/1076/790 848/1077/790 847/1078/790
f 872/1079/791 880/1080/791 870/1081/791
f 857/1082/787 897/1083/787 859/1084/787
f 967/1085/790 886/1086/790 885/1087/790
f 864/1088/792 844/1089/792 833/1090/792
f 968/1091/793 908/1092/793 967/1093/793
f 835/1094/794 885/1095/794 833/1096/794
f 969/1097/795 966/1098/795 963/1099/795
f 835/1100/788 833/1101/788 844/1102/788
f 886/1103/794 971/1104/794 834/1105/794
f 867/1106/796 955/1107/796 844/1089/796
f 868/1106/797 956/1107/797 966/1108/797
f 845/1089/798 869/1088/798 834/1090/798
f 885/1095/794 886/1103/794 864/1109/794
f 970/1110/799 963/1111/799 965/1112/799
f 970/1113/793 908/1092/793 968/1091/793
f 875/1114/794 876/1115/794 877/1116/794
f 880/1117/788 876/1118/788 881/1119/788
f 865/1120/800 847/1078/800 866/1071/800
f 877/1121/788 880/1117/788 879/1122/788
f 953/1123/801 877/1116/801 879/1124/801
f 943/1125/802 850/1126/802 848/1127/802
f 969/1128/803 968/1129/803 958/1130/803
f 907/1131/787 960/1132/787 845/1102/787
f 830/1133/804 919/1134/804 918/1135/804
f 889/1136/786 893/1137/786 927/1138/786
f 925/1139/805 927/1138/805 926/1140/805
f 905/1141/806 836/1142/806 899/1143/806
f 891/1144/794 923/1145/794 890/1146/794
f 913/1147/788 860/1148/788 894/1149/788
f 914/1150/807 910/1151/808 909/1152/808
f 860/1151/808 912/1150/808 859/1152/808
f 916/1147/787 910/1148/787 895/1153/787
f 861/1154/809 857/1155/809 896/1156/809
f 901/1157/810 903/1158/810 938/1159/810
f 931/1160/810 901/1157/810 938/1159/810
f 934/1161/811 902/1162/811 903/1163/811
f 882/1164/812 930/1165/812 883/1166/812
f 848/1077/790 946/1167/790 943/1073/790
f 881/1168/813 878/1169/813 946/1167/813
f 874/1170/786 881/1171/786 876/1115/786
f 870/1081/814 881/1168/794 856/1172/794
f 909/1084/788 898/1083/788 861/1082/788
f 836/1173/815 891/1174/815 924/1175/815
f 836/1176/786 904/1177/786 923/1145/786
f 905/1178/816 904/1179/816 942/1180/816
f 908/1129/817 963/1128/817 966/1130/817
f 896/1181/818 860/1182/818 910/1183/818
f 913/1184/819 912/1185/819 911/1186/819
f 914/1185/819 916/1184/819 895/1186/819
f 837/1187/820 840/1188/820 839/1189/820
f 917/1189/821 842/1190/821 841/1187/821
f 922/1191/822 918/1192/822 919/1193/822
f 830/1192/823 921/1191/823 831/1193/823
f 925/1140/824 929/1194/824 924/1195/824
f 891/1174/825 928/1196/826 924/1175/825
f 931/1197/787 932/1198/787 884/1199/787
f 930/1197/788 935/1198/788 883/1200/788
f 901/1201/811 932/1198/811 936/1202/811
f 935/1198/811 938/1201/811 937/1202/811
f 902/1203/827 938/1201/827 903/1204/827
f 933/1203/828 901/1201/828 936/1202/828
f 888/1196/829 890/1174/829 939/1175/829
f 923/1173/830 939/1175/830 890/1174/830
f 923/1142/831 906/1141/831 940/1143/831
f 927/1138/832 888/1205/832 939/1195/832
f 952/1206/802 953/1207/802 879/1208/802
f 952/1066/788 947/1209/788 852/1210/788
f 851/1069/787 944/1067/787 945/1126/787
f 950/1071/789 947/1070/789 944/1072/789
f 954/1080/791 871/1079/791 951/1081/791
f 874/1118/787 954/1117/787 878/1119/787
f 851/1078/800 949/1120/800 950/1071/800
f 875/1121/787 953/1122/787 954/1117/787
f 878/1168/794 951/1081/794 948/1172/794
f 964/1211/833 971/1212/833 862/1213/833
f 959/1211/834 835/1212/834 863/1214/834
f 908/1215/835 956/1216/835 961/1217/835
f 955/1216/836 968/1215/836 846/1217/836
f 967/1218/837 863/1219/837 957/1220/837
f 887/1218/837 907/1219/837 964/1221/837
f 920/1040/781 832/1222/781 830/1041/781
f 921/1043/782 832/1223/782 920/1044/782
f 919/1046/783 831/1224/783 921/1047/783
f 840/1049/784 843/1225/784 917/1050/784
f 842/1052/785 838/1226/785 837/1053/785
f 917/1055/734 841/1227/734 837/1056/734
f 840/1058/661 838/1228/661 842/1059/661
f 897/1061/786 857/1229/786 861/1062/786
f 854/1065/787 853/1210/787 873/1066/787
f 853/1210/787 865/1230/787 855/1209/787
f 873/1066/787 853/1210/787 855/1209/787
f 873/1066/787 872/1231/787 870/1232/787
f 870/1232/787 856/1064/787 873/1066/787
f 847/1069/788 848/1127/788 850/1126/788
f 850/1126/788 849/1067/788 847/1069/788
f 855/1070/789 865/1120/789 866/1071/789
f 943/1073/790 946/1167/790 852/1074/790
f 853/1076/790 854/1233/790 848/1077/790
f 872/1079/791 879/1234/791 880/1080/791
f 912/1235/787 858/1236/787 859/1084/787
f 858/1236/787 857/1082/787 859/1084/787
f 967/1085/790 887/1237/790 886/1086/790
f 864/1088/792 867/1106/792 844/1089/792
f 908/1092/793 961/1238/793 887/1239/793
f 961/1238/793 960/1240/793 887/1239/793
f 887/1239/793 967/1093/793 908/1092/793
f 967/1093/793 957/1241/793 846/1242/793
f 846/1242/793 968/1091/793 967/1093/793
f 835/1094/794 962/1243/794 885/1095/794
f 969/1097/795 958/1244/795 966/1098/795
f 844/1102/788 955/1245/788 957/1132/788
f 955/1245/788 846/1246/788 957/1132/788
f 957/1132/788 863/1131/788 844/1102/788
f 863/1131/788 835/1100/788 844/1102/788
f 886/1103/794 862/1247/794 971/1104/794
f 867/1106/796 958/1108/796 955/1107/796
f 868/1106/797 845/1089/797 956/1107/797
f 845/1089/798 868/1106/798 869/1088/798
f 834/1105/794 869/1248/794 886/1103/794
f 869/1248/794 864/1109/794 886/1103/794
f 864/1109/794 833/1096/794 885/1095/794
f 970/1110/799 969/1249/799 963/1111/799
f 970/1113/793 965/1250/793 908/1092/793
f 875/1114/794 874/1170/794 876/1115/794
f 880/1117/788 877/1121/788 876/1118/788
f 865/1120/800 853/1076/800 847/1078/800
f 953/1123/801 875/1114/801 877/1116/801
f 943/1125/802 945/1251/802 850/1126/802
f 969/1128/803 970/1252/803 968/1129/803
f 961/1246/787 956/1245/787 960/1132/787
f 956/1245/787 845/1102/787 960/1132/787
f 845/1102/787 834/1101/787 971/1100/787
f 971/1100/787 907/1131/787 845/1102/787
f 830/1133/804 831/1253/804 919/1134/804
f 889/1136/786 928/1254/786 892/1255/786
f 892/1255/786 893/1137/786 889/1136/786
f 893/1137/786 888/1256/786 927/1138/786
f 925/1139/805 889/1136/805 927/1138/805
f 905/1141/806 942/1257/806 836/1142/806
f 891/1144/794 836/1176/814 923/1145/794
f 890/1146/794 893/1258/794 891/1144/794
f 893/1258/794 892/1259/794 891/1144/794
f 913/1147/788 911/1153/788 860/1148/788
f 914/1150/807 895/1260/807 910/1151/808
f 860/1151/808 911/1260/808 912/1150/808
f 916/1147/787 896/1149/787 910/1148/787
f 857/1155/809 858/1261/809 894/1262/809
f 858/1261/809 913/1263/809 894/1262/809
f 916/1264/809 915/1265/809 896/1156/809
f 915/1265/809 861/1154/809 896/1156/809
f 857/1155/809 894/1262/809 896/1156/809
f 901/1157/810 934/1266/810 903/1158/810
f 900/1267/810 930/1268/810 938/1159/810
f 930/1268/810 931/1160/810 938/1159/810
f 931/1160/810 884/1269/810 901/1157/810
f 934/1161/811 933/1270/811 902/1162/811
f 882/1164/812 931/1271/812 930/1165/812
f 848/1077/790 854/1233/790 946/1167/790
f 878/1169/813 948/1272/813 946/1167/813
f 946/1167/813 854/1233/813 881/1168/813
f 854/1233/813 856/1172/813 881/1168/813
f 874/1170/786 878/1273/786 881/1171/786
f 870/1081/814 880/1080/814 881/1168/794
f 861/1082/788 915/1236/788 909/1084/788
f 915/1236/788 914/1235/788 909/1084/788
f 836/1176/786 942/1274/786 904/1177/786
f 905/1178/816 906/1275/816 904/1179/816
f 908/1129/817 965/1252/817 963/1128/817
f 896/1181/818 894/1276/818 860/1182/818
f 913/1184/819 858/1277/819 912/1185/819
f 914/1185/819 915/1277/819 916/1184/819
f 837/1187/820 838/1190/820 840/1188/820
f 917/1189/821 843/1188/821 842/1190/821
f 922/1191/822 920/1278/822 918/1192/822
f 830/1192/823 832/1278/823 921/1191/823
f 899/1279/824 836/1280/824 929/1194/824
f 836/1280/824 924/1195/824 929/1194/824
f 924/1195/824 928/1205/824 889/1138/824
f 889/1138/824 925/1140/824 924/1195/824
f 891/1174/825 892/1281/826 928/1196/826
f 931/1197/787 882/1200/787 932/1198/787
f 930/1197/788 900/1199/788 935/1198/788
f 901/1201/811 884/1199/811 932/1198/811
f 935/1198/811 900/1199/811 938/1201/811
f 902/1203/827 937/1202/827 938/1201/827
f 933/1203/828 934/1204/828 901/1201/828
f 888/1196/829 893/1281/829 890/1174/829
f 923/1142/831 904/1257/831 906/1141/831
f 939/1195/832 923/1280/832 941/1194/832
f 923/1280/832 940/1279/832 941/1194/832
f 941/1194/832 926/1140/832 939/1195/832
f 926/1140/832 927/1138/832 939/1195/832
f 872/1282/838 873/1283/802 879/1208/802
f 873/1283/802 952/1206/802 879/1208/802
f 952/1206/802 871/1284/802 953/1207/802
f 949/1230/788 852/1210/788 947/1209/788
f 852/1210/788 946/1065/788 952/1066/788
f 946/1065/788 948/1064/788 952/1066/788
f 948/1064/788 951/1232/788 952/1066/788
f 951/1232/788 871/1231/788 952/1066/788
f 945/1126/787 943/1127/787 851/1069/787
f 851/1069/787 950/1068/787 944/1067/787
f 950/1071/789 949/1120/789 947/1070/789
f 954/1080/791 953/1234/791 871/1079/791
f 874/1118/787 875/1121/787 954/1117/787
f 851/1078/800 852/1076/800 949/1120/800
f 878/1168/794 954/1080/794 951/1081/794
f 964/1211/833 907/1214/833 971/1212/833
f 959/1211/834 962/1213/834 835/1212/834
f 908/1215/835 966/1285/835 956/1216/835
f 955/1216/836 958/1285/836 968/1215/836
f 967/1218/837 959/1221/837 863/1219/837
f 887/1218/837 960/1220/837 907/1219/837
usemtl OOTORI
f 997/1286/839 981/1287/839 980/1288/839
f 972/1289/840 981/1290/840 974/1291/840
f 980/1292/841 979/1293/841 977/1294/841
f 983/1295/842 979/1293/842 982/1296/842
f 981/1290/843 978/1297/844 983/1295/844
f 976/1298/845 999/1299/845 977/1300/845
f 1021/1301/846 1018/1302/846 1017/1303/846
f 988/1304/847 990/1305/847 991/1306/847
f 984/1307/848 989/1308/848 988/1309/848
f 987/1310/849 985/1311/849 984/1312/849
f 989/1313/845 986/1314/845 990/1315/845
f 977/1316/850 992/1317/850 980/1318/850
f 1000/1319/845 973/1320/845 993/1321/845
f 994/1322/851 996/1323/851 975/1324/851
f 972/1325/852 997/1326/852 999/1327/852
f 993/1328/850 975/1324/850 992/1317/850
f 996/1329/853 995/1330/853 1001/1331/853
f 1001/1332/854 999/1299/854 998/1333/854
f 997/1326/852 998/1334/852 999/1327/852
f 1001/1332/854 994/1335/854 1000/1319/854
f 1002/1336/839 975/1337/839 996/1329/839
f 1028/1286/855 1011/1288/855 1012/1287/855
f 1005/1291/856 1007/1338/856 1003/1289/856
f 1011/1292/857 1010/1293/857 1013/1296/857
f 1010/1293/858 1014/1295/858 1013/1296/858
f 1009/1297/859 1012/1290/859 1014/1295/859
f 1030/1299/860 1007/1298/860 1008/1300/860
f 1021/1305/861 1019/1304/861 1022/1306/861
f 1020/1308/862 1015/1307/862 1019/1309/862
f 1018/1310/863 1016/1311/863 1017/1339/863
f 1020/1313/860 1017/1314/860 1016/1340/860
f 1008/1316/864 1023/1317/864 1024/1328/864
f 1031/1319/860 1004/1320/860 1025/1335/860
f 1027/1323/865 1026/1341/865 1025/1322/865
f 1028/1326/866 1003/1325/866 1030/1327/866
f 1006/1324/864 1024/1328/864 1023/1317/864
f 1032/1331/867 1027/1329/867 1033/1336/867
f 1030/1299/868 1032/1332/868 1029/1333/868
f 1028/1326/866 1030/1327/866 1029/1334/866
f 1025/1335/868 1032/1332/868 1031/1319/868
f 1033/1336/855 1006/1337/855 1023/1342/855
f 990/1301/869 987/1302/869 991/1343/869
f 1059/1286/860 1042/1288/860 1043/1287/860
f 1036/1291/870 1038/1338/871 1034/1289/870
f 1039/1294/872 1044/1296/872 1042/1292/872
f 1041/1293/873 1045/1295/873 1044/1296/873
f 1040/1297/874 1043/1290/874 1045/1295/874
f 1061/1299/855 1038/1298/855 1039/1300/855
f 1083/1301/875 1080/1302/875 1084/1343/875
f 1052/1305/876 1050/1304/876 1053/1306/876
f 1051/1308/877 1046/1307/877 1050/1309/877
f 1049/1310/878 1047/1311/878 1048/1339/878
f 1048/1314/855 1051/1313/855 1052/1315/855
f 1039/1316/879 1054/1317/879 1055/1328/879
f 1062/1319/855 1035/1320/855 1056/1335/855
f 1058/1323/880 1057/1341/880 1056/1322/880
f 1059/1326/881 1034/1325/881 1061/1327/881
f 1037/1324/879 1055/1328/879 1054/1317/879
f 1064/1336/882 1063/1331/882 1058/1329/882
f 1061/1299/883 1063/1332/883 1060/1333/883
f 1059/1326/881 1061/1327/881 1060/1334/881
f 1056/1335/883 1063/1332/883 1062/1319/883
f 1064/1336/860 1037/1337/860 1054/1342/860
f 1090/1286/845 1074/1287/845 1073/1288/845
f 1069/1338/884 1067/1291/884 1065/1289/884
f 1073/1292/885 1072/1293/885 1070/1294/885
f 1076/1295/886 1072/1293/886 1075/1296/886
f 1074/1290/887 1071/1297/887 1076/1295/887
f 1069/1298/839 1092/1299/839 1070/1300/839
f 1081/1304/888 1083/1305/888 1084/1306/888
f 1082/1308/889 1077/1307/889 1078/1344/889
f 1080/1310/890 1078/1311/890 1077/1312/890
f 1082/1313/839 1079/1314/839 1083/1315/839
f 1070/1316/891 1085/1317/891 1073/1318/891
f 1093/1319/839 1066/1320/839 1086/1321/839
f 1087/1322/892 1088/1341/892 1089/1323/892
f 1065/1325/893 1090/1326/893 1092/1327/893
f 1086/1328/891 1068/1324/891 1085/1317/891
f 1089/1329/894 1088/1330/894 1094/1331/894
f 1094/1332/895 1092/1299/895 1091/1333/895
f 1090/1326/893 1091/1334/893 1092/1327/893
f 1094/1332/895 1087/1335/895 1093/1319/895
f 1095/1336/845 1068/1337/845 1089/1329/845
f 1049/1302/896 1052/1301/896 1053/1343/896
f 1116/1345/897 1099/1346/897 1115/1347/897
f 1099/1346/897 1097/1348/897 1096/1349/897
f 1108/1350/898 1100/1351/898 1101/1352/898
f 1097/1348/897 1101/1353/897 1096/1349/897
f 1107/1354/899 1112/1355/899 1100/1356/899
f 1106/1357/900 1111/1358/901 1102/1359/902
f 1102/1359/902 1104/1360/903 1109/1361/904
f 1106/1357/900 1102/1359/902 1109/1361/904
f 1104/1360/903 1111/1358/901 1110/1362/905
f 1112/1363/906 1110/1362/905 1111/1358/901
f 1113/1364/907 1116/1345/907 1115/1347/907
f 1103/1365/908 1106/1366/899 1109/1367/909
f 1098/1368/910 1104/1369/910 1097/1370/910
f 1110/1371/911 1107/1372/911 1108/1373/911
f 1116/1374/787 1105/1375/787 1098/1376/787
f 1099/1368/912 1106/1369/912 1103/1377/913
f 1101/1373/914 1100/1372/914 1112/1371/914
f 1115/1374/788 1103/1375/788 1113/1378/788
f 1132/1379/915 1129/1380/802 1124/1381/916
f 1131/1382/917 1124/1383/918 1123/1384/919
f 1127/1385/794 1118/1386/794 1121/1387/794
f 1126/1388/920 1129/1380/802 1128/1389/921
f 1120/1390/922 1129/1380/802 1132/1379/915
f 1124/1383/918 1125/1391/855 1123/1384/919
f 1119/1392/923 1129/1380/802 1120/1390/922
f 1120/1393/924 1131/1382/917 1121/1394/924
f 1124/1381/916 1129/1380/802 1126/1388/920
f 1126/1395/855 1127/1396/925 1125/1391/855
f 1128/1389/921 1129/1380/802 1119/1397/923
f 1117/1382/926 1136/1383/860 1134/1384/860
f 1136/1383/860 1122/1391/917 1134/1384/860
f 1142/1393/881 1117/1382/926 1118/1394/881
f 1137/1395/917 1121/1396/866 1122/1391/917
f 1143/1395/927 1118/1396/928 1133/1391/927
f 1128/1393/929 1130/1382/855 1127/1394/929
f 1135/1384/930 1143/1395/927 1133/1391/927
f 1130/1382/855 1144/1383/930 1135/1384/930
f 1139/1379/931 1138/1380/802 1136/1381/932
f 1137/1388/915 1138/1380/802 1120/1389/916
f 1142/1390/921 1138/1380/802 1139/1379/931
f 1119/1392/920 1138/1380/802 1142/1390/921
f 1136/1381/932 1138/1380/802 1137/1388/915
f 1120/1389/916 1138/1380/802 1119/1397/920
f 1142/1389/932 1141/1380/802 1119/1397/915
f 1144/1381/921 1141/1380/802 1143/1388/931
f 1119/1392/915 1141/1380/802 1128/1390/916
f 1128/1390/916 1141/1380/802 1140/1379/920
f 1143/1388/931 1141/1380/802 1142/1389/932
f 1140/1379/920 1141/1380/802 1144/1381/921
f 1161/1390/916 1148/1380/802 1149/1379/920
f 1146/1395/927 1171/1396/933 1156/1391/927
f 1145/1381/921 1148/1380/802 1146/1388/931
f 1165/1381/916 1160/1380/802 1163/1388/920
f 1161/1389/921 1160/1380/802 1170/1397/931
f 1153/1383/860 1167/1391/917 1155/1384/860
f 1170/1392/915 1148/1380/802 1161/1390/916
f 1146/1388/931 1148/1380/802 1147/1389/922
f 1170/1392/931 1160/1380/802 1169/1390/922
f 1157/1379/915 1160/1380/802 1165/1381/916
f 1150/1379/931 1151/1380/802 1153/1381/932
f 1152/1388/915 1151/1380/802 1169/1389/916
f 1169/1389/916 1151/1380/802 1170/1397/920
f 1165/1383/919 1164/1391/855 1166/1384/919
f 1169/1390/922 1160/1380/802 1157/1379/915
f 1147/1393/881 1172/1382/927 1171/1394/881
f 1172/1382/927 1153/1383/860 1155/1384/860
f 1147/1390/921 1151/1380/802 1150/1379/931
f 1149/1379/920 1148/1380/802 1145/1381/921
f 1161/1393/934 1159/1382/855 1162/1394/929
f 1162/1385/794 1171/1386/794 1168/1387/794
f 1152/1395/917 1168/1396/866 1167/1391/917
f 1145/1383/930 1156/1391/927 1154/1384/930
f 1163/1395/855 1162/1396/925 1164/1391/855
f 1159/1382/855 1145/1383/930 1154/1384/930
f 1168/1394/924 1157/1398/917 1158/1382/917
f 1170/1392/920 1151/1380/802 1147/1390/921
f 1147/1389/922 1148/1380/802 1170/1397/915
f 1158/1382/917 1165/1383/919 1166/1384/919
f 1153/1381/932 1151/1380/802 1152/1388/915
f 1163/1388/920 1160/1380/802 1161/1389/921
f 1183/1399/935 1185/1400/936 1173/1401/794
f 1182/1402/937 1180/1403/938 1174/1404/802
f 1176/1405/855 1177/1406/930 1175/1407/855
f 1185/1400/936 1175/1408/939 1173/1401/794
f 1184/1409/940 1182/1402/937 1174/1404/802
f 1178/1410/930 1179/1411/926 1177/1406/930
f 1179/1412/941 1181/1413/942 1173/1401/794
f 1186/1414/943 1184/1409/940 1174/1404/802
f 1179/1411/926 1182/1415/860 1181/1416/860
f 1177/1417/944 1179/1412/941 1173/1401/794
f 1176/1418/945 1186/1414/943 1174/1404/802
f 1182/1415/860 1183/1419/917 1181/1416/860
f 1175/1420/939 1177/1417/944 1173/1401/794
f 1178/1421/946 1176/1422/945 1174/1404/802
f 1184/1423/917 1185/1424/919 1183/1419/917
f 1181/1413/942 1183/1399/935 1173/1401/794
f 1180/1403/938 1178/1421/946 1174/1404/802
f 1186/1425/919 1175/1426/855 1185/1424/919
f 1202/1379/947 1194/1381/948 1199/1380/802
f 1201/1382/949 1194/1383/950 1202/1398/951
f 1191/1387/794 1188/1386/794 1197/1385/794
f 1196/1388/952 1198/1389/953 1199/1380/802
f 1190/1390/954 1202/1379/947 1199/1380/802
f 1195/1391/845 1194/1383/950 1193/1384/955
f 1189/1392/956 1190/1390/954 1199/1380/802
f 1201/1382/949 1190/1393/957 1191/1394/957
f 1194/1381/948 1196/1388/952 1199/1380/802
f 1197/1396/958 1196/1395/845 1195/1391/845
f 1198/1389/953 1189/1397/956 1199/1380/802
f 1187/1382/959 1206/1383/839 1209/1398/959
f 1192/1391/949 1206/1383/839 1204/1384/839
f 1187/1382/959 1212/1393/852 1188/1394/852
f 1191/1396/893 1207/1395/951 1192/1391/949
f 1188/1396/960 1213/1395/959 1203/1391/959
f 1200/1382/845 1198/1393/961 1197/1394/961
f 1203/1391/959 1214/1383/962 1205/1384/963
f 1200/1382/845 1214/1383/962 1210/1398/845
f 1209/1379/956 1206/1381/954 1208/1380/802
f 1207/1388/947 1190/1389/948 1208/1380/802
f 1212/1390/953 1209/1379/956 1208/1380/802
f 1189/1392/952 1212/1390/953 1208/1380/802
f 1206/1381/954 1207/1388/947 1208/1380/802
f 1190/1389/948 1189/1397/952 1208/1380/802
f 1212/1389/954 1189/1397/947 1211/1380/802
f 1214/1381/953 1213/1388/956 1211/1380/802
f 1189/1392/947 1198/1390/948 1211/1380/802
f 1198/1390/948 1210/1379/952 1211/1380/802
f 1213/1388/956 1212/1389/954 1211/1380/802
f 1210/1379/952 1214/1381/953 1211/1380/802
f 1231/1390/948 1219/1379/952 1218/1380/802
f 1241/1396/960 1216/1395/959 1226/1391/964
f 1215/1381/953 1216/1388/956 1218/1380/802
f 1235/1381/948 1233/1388/952 1230/1380/802
f 1231/1389/953 1240/1397/956 1230/1380/802
f 1237/1391/949 1223/1383/839 1225/1384/839
f 1240/1392/947 1231/1390/948 1218/1380/802
f 1216/1388/956 1217/1389/954 1218/1380/802
f 1240/1392/956 1239/1390/954 1230/1380/802
f 1227/1379/947 1235/1381/948 1230/1380/802
f 1220/1379/956 1223/1381/954 1221/1380/802
f 1222/1388/947 1239/1389/965 1221/1380/802
f 1239/1389/965 1240/1397/952 1221/1380/802
f 1234/1391/845 1235/1383/950 1236/1384/966
f 1239/1390/954 1227/1379/947 1230/1380/802
f 1242/1382/967 1217/1393/852 1241/1394/852
f 1242/1382/967 1223/1383/839 1220/1398/959
f 1217/1390/953 1220/1379/956 1221/1380/802
f 1219/1379/952 1215/1381/953 1218/1380/802
f 1229/1382/845 1231/1393/961 1232/1394/961
f 1238/1387/794 1241/1386/794 1232/1385/794
f 1238/1396/893 1222/1395/951 1237/1391/949
f 1226/1391/964 1215/1383/962 1224/1384/962
f 1232/1396/958 1233/1395/845 1234/1391/845
f 1229/1382/845 1215/1383/962 1219/1398/845
f 1228/1382/951 1239/1393/957 1238/1394/957
f 1240/1392/952 1217/1390/953 1221/1380/802
f 1217/1389/954 1240/1397/947 1218/1380/802
f 1228/1382/951 1235/1383/950 1227/1398/949
f 1223/1381/954 1222/1388/947 1221/1380/802
f 1233/1388/952 1231/1389/953 1230/1380/802
f 1253/1399/968 1243/1401/794 1255/1400/969
f 1252/1402/970 1244/1404/802 1250/1403/971
f 1247/1406/962 1246/1405/845 1245/1407/845
f 1255/1400/969 1243/1401/794 1245/1408/972
f 1254/1409/973 1244/1404/802 1252/1402/970
f 1249/1411/967 1248/1410/962 1247/1406/962
f 1249/1412/974 1243/1401/794 1251/1413/975
f 1256/1414/976 1244/1404/802 1254/1409/973
f 1249/1411/967 1252/1415/839 1250/1427/967
f 1247/1417/977 1243/1401/794 1249/1412/974
f 1246/1418/978 1244/1404/802 1256/1414/976
f 1253/1419/951 1252/1415/839 1251/1416/839
f 1245/1420/972 1243/1401/794 1247/1417/977
f 1248/1421/979 1244/1404/802 1246/1422/978
f 1255/1424/966 1254/1423/951 1253/1419/951
f 1251/1413/975 1243/1401/794 1253/1399/968
f 1250/1403/971 1244/1404/802 1248/1421/979
f 1245/1426/845 1256/1425/966 1255/1424/966
f 1260/1428/794 1263/1429/794 1259/1430/794
f 1258/1431/788 1259/1432/788 1257/1433/788
f 1262/1434/802 1257/1435/802 1261/1436/802
f 1264/1437/787 1261/1433/787 1263/1432/787
f 1263/1438/786 1257/1439/786 1259/1440/786
f 1267/1441/786 1266/1442/786 1265/1443/786
f 1269/1444/788 1265/1445/788 1266/1446/788
f 1272/1447/794 1265/1448/794 1271/1449/794
f 1267/1445/787 1270/1444/787 1268/1446/787
f 1272/1450/790 1269/1451/790 1270/1452/790
f 1270/1453/802 1266/1454/802 1268/1455/802
f 1264/1456/790 1258/1457/790 1262/1458/790
f 1279/1429/794 1276/1428/794 1275/1430/794
f 1275/1432/787 1274/1431/787 1273/1433/787
f 1273/1435/802 1278/1434/802 1277/1436/802
f 1277/1433/788 1280/1437/788 1279/1432/788
f 1275/1440/786 1277/1459/786 1279/1438/786
f 1282/1442/802 1283/1441/802 1281/1443/802
f 1281/1445/787 1285/1444/787 1282/1446/787
f 1281/1448/786 1288/1447/786 1287/1449/786
f 1286/1444/788 1283/1445/788 1284/1446/788
f 1285/1451/794 1288/1450/794 1286/1452/794
f 1282/1454/790 1286/1453/790 1284/1455/790
f 1278/1458/790 1276/1460/790 1280/1456/790
f 997/1286/839 974/1461/839 981/1287/839
f 981/1287/839 983/1462/839 982/1463/839
f 980/1288/839 992/1342/839 1002/1336/839
f 981/1287/839 982/1463/839 980/1288/839
f 1002/1336/839 997/1286/839 980/1288/839
f 972/1289/840 976/1338/840 981/1290/840
f 980/1292/841 982/1296/841 979/1293/841
f 983/1295/842 978/1297/842 979/1293/842
f 981/1290/843 976/1338/843 978/1297/844
f 976/1298/845 972/1464/845 999/1299/845
f 999/1299/845 1000/1319/845 977/1300/845
f 1000/1319/845 993/1321/845 977/1300/845
f 977/1300/845 979/1465/845 976/1298/845
f 979/1465/845 978/1466/845 976/1298/845
f 1021/1301/846 1022/1343/846 1018/1302/846
f 988/1304/847 989/1467/847 990/1305/847
f 984/1307/848 985/1344/848 989/1308/848
f 987/1310/849 986/1339/849 985/1311/849
f 989/1313/845 985/1340/845 986/1314/845
f 977/1316/850 993/1328/850 992/1317/850
f 1000/1319/845 994/1335/845 973/1320/845
f 975/1324/851 973/1468/851 994/1322/851
f 994/1322/851 995/1341/851 996/1323/851
f 972/1325/852 974/1469/852 997/1326/852
f 993/1328/850 973/1468/850 975/1324/850
f 998/1470/853 997/1286/853 1001/1331/853
f 997/1286/853 1002/1336/853 1001/1331/853
f 1002/1336/853 996/1329/853 1001/1331/853
f 1001/1332/854 1000/1319/854 999/1299/854
f 1001/1332/854 995/1471/854 994/1335/854
f 1002/1336/839 992/1342/839 975/1337/839
f 1028/1286/855 1033/1336/855 1011/1288/855
f 1033/1336/855 1023/1342/855 1011/1288/855
f 1011/1288/855 1013/1463/855 1012/1287/855
f 1013/1463/855 1014/1462/855 1012/1287/855
f 1012/1287/855 1005/1461/855 1028/1286/855
f 1005/1291/856 1012/1290/856 1007/1338/856
f 1011/1292/857 1008/1294/857 1010/1293/857
f 1010/1293/858 1009/1297/858 1014/1295/858
f 1009/1297/859 1007/1338/859 1012/1290/859
f 1030/1299/860 1003/1464/860 1007/1298/860
f 1007/1298/860 1009/1466/860 1010/1465/860
f 1008/1300/860 1024/1321/860 1031/1319/860
f 1007/1298/860 1010/1465/860 1008/1300/860
f 1031/1319/860 1030/1299/860 1008/1300/860
f 1021/1305/861 1020/1467/861 1019/1304/861
f 1020/1308/862 1016/1344/862 1015/1307/862
f 1018/1310/863 1015/1312/863 1016/1311/863
f 1020/1313/860 1021/1315/860 1017/1314/860
f 1008/1316/864 1011/1318/864 1023/1317/864
f 1031/1319/860 1024/1321/860 1004/1320/860
f 1025/1322/865 1004/1468/865 1006/1324/865
f 1006/1324/865 1027/1323/865 1025/1322/865
f 1028/1326/866 1005/1469/866 1003/1325/866
f 1006/1324/864 1004/1468/864 1024/1328/864
f 1033/1336/867 1028/1286/867 1032/1331/867
f 1028/1286/867 1029/1470/867 1032/1331/867
f 1032/1331/867 1026/1330/867 1027/1329/867
f 1030/1299/868 1031/1319/868 1032/1332/868
f 1025/1335/868 1026/1471/868 1032/1332/868
f 1033/1336/855 1027/1329/855 1006/1337/855
f 990/1301/869 986/1303/869 987/1302/869
f 1059/1286/860 1064/1336/860 1042/1288/860
f 1064/1336/860 1054/1342/860 1042/1288/860
f 1042/1288/860 1044/1463/860 1043/1287/860
f 1044/1463/860 1045/1462/860 1043/1287/860
f 1043/1287/860 1036/1461/860 1059/1286/860
f 1036/1291/870 1043/1290/871 1038/1338/871
f 1039/1294/872 1041/1293/872 1044/1296/872
f 1041/1293/873 1040/1297/873 1045/1295/873
f 1040/1297/874 1038/1338/874 1043/1290/874
f 1061/1299/855 1034/1464/855 1038/1298/855
f 1038/1298/855 1040/1466/855 1041/1465/855
f 1039/1300/855 1055/1321/855 1062/1319/855
f 1038/1298/855 1041/1465/855 1039/1300/855
f 1062/1319/855 1061/1299/855 1039/1300/855
f 1083/1301/875 1079/1303/875 1080/1302/875
f 1052/1305/876 1051/1467/876 1050/1304/876
f 1051/1308/877 1047/1344/877 1046/1307/877
f 1049/1310/878 1046/1312/878 1047/1311/878
f 1048/1314/855 1047/1340/855 1051/1313/855
f 1039/1316/879 1042/1318/879 1054/1317/879
f 1062/1319/855 1055/1321/855 1035/1320/855
f 1056/1322/880 1035/1468/880 1037/1324/880
f 1037/1324/880 1058/1323/880 1056/1322/880
f 1059/1326/881 1036/1469/881 1034/1325/881
f 1037/1324/879 1035/1468/879 1055/1328/879
f 1064/1336/882 1059/1286/882 1063/1331/882
f 1059/1286/882 1060/1470/882 1063/1331/882
f 1063/1331/882 1057/1330/882 1058/1329/882
f 1061/1299/883 1062/1319/883 1063/1332/883
f 1056/1335/883 1057/1471/883 1063/1332/883
f 1064/1336/860 1058/1329/860 1037/1337/860
f 1090/1286/845 1067/1461/845 1074/1287/845
f 1074/1287/845 1076/1462/845 1075/1463/845
f 1073/1288/845 1085/1342/845 1095/1336/845
f 1074/1287/845 1075/1463/845 1073/1288/845
f 1095/1336/845 1090/1286/845 1073/1288/845
f 1069/1338/884 1074/1290/884 1067/1291/884
f 1073/1292/885 1075/1296/885 1072/1293/885
f 1076/1295/886 1071/1297/886 1072/1293/886
f 1074/1290/887 1069/1338/887 1071/1297/887
f 1069/1298/839 1065/1464/839 1092/1299/839
f 1092/1299/839 1093/1319/839 1070/1300/839
f 1093/1319/839 1086/1321/839 1070/1300/839
f 1070/1300/839 1072/1465/839 1069/1298/839
f 1072/1465/839 1071/1466/839 1069/1298/839
f 1081/1304/888 1082/1467/888 1083/1305/888
f 1082/1308/889 1081/1309/889 1077/1307/889
f 1080/1310/890 1079/1339/890 1078/1311/890
f 1082/1313/839 1078/1340/839 1079/1314/839
f 1070/1316/891 1086/1328/891 1085/1317/891
f 1093/1319/839 1087/1335/839 1066/1320/839
f 1068/1324/892 1066/1468/892 1089/1323/892
f 1066/1468/892 1087/1322/892 1089/1323/892
f 1065/1325/893 1067/1469/893 1090/1326/893
f 1086/1328/891 1066/1468/891 1068/1324/891
f 1091/1470/894 1090/1286/894 1094/1331/894
f 1090/1286/894 1095/1336/894 1094/1331/894
f 1095/1336/894 1089/1329/894 1094/1331/894
f 1094/1332/895 1093/1319/895 1092/1299/895
f 1094/1332/895 1088/1471/895 1087/1335/895
f 1095/1336/845 1085/1342/845 1068/1337/845
f 1049/1302/896 1048/1303/896 1052/1301/896
f 1116/1345/897 1098/1472/897 1099/1346/897
f 1099/1346/897 1098/1472/897 1097/1348/897
f 1108/1350/898 1107/1473/898 1100/1351/898
f 1097/1348/897 1108/1474/897 1101/1353/897
f 1107/1354/899 1110/1475/899 1112/1355/899
f 1106/1357/900 1112/1363/906 1111/1358/901
f 1104/1360/903 1102/1359/902 1111/1358/901
f 1113/1364/907 1114/1476/907 1116/1345/907
f 1109/1367/909 1104/1477/899 1105/1478/980
f 1105/1478/980 1114/1479/981 1109/1367/909
f 1114/1479/981 1113/1480/982 1109/1367/909
f 1113/1480/982 1103/1365/908 1109/1367/909
f 1098/1368/910 1105/1377/910 1104/1369/910
f 1108/1373/911 1097/1481/911 1110/1371/911
f 1097/1481/911 1104/1482/911 1110/1371/911
f 1116/1374/787 1114/1378/787 1105/1375/787
f 1099/1368/912 1096/1370/912 1106/1369/912
f 1106/1482/914 1096/1481/914 1112/1371/914
f 1096/1481/914 1101/1373/914 1112/1371/914
f 1115/1374/788 1099/1376/788 1103/1375/788
f 1131/1382/917 1132/1398/917 1124/1383/918
f 1123/1483/794 1125/1484/794 1121/1387/794
f 1125/1484/794 1127/1385/794 1121/1387/794
f 1127/1385/794 1130/1485/794 1118/1386/794
f 1130/1485/794 1135/1486/794 1118/1386/794
f 1135/1486/794 1133/1487/814 1118/1386/794
f 1118/1386/794 1117/1488/794 1134/1489/794
f 1134/1489/794 1122/1490/794 1118/1386/794
f 1122/1490/794 1121/1387/794 1118/1386/794
f 1121/1387/794 1131/1491/794 1123/1483/794
f 1124/1383/918 1126/1395/855 1125/1391/855
f 1120/1393/924 1132/1398/917 1131/1382/917
f 1126/1395/855 1128/1492/925 1127/1396/925
f 1117/1382/926 1139/1398/927 1136/1383/860
f 1136/1383/860 1137/1395/917 1122/1391/917
f 1142/1393/881 1139/1398/927 1117/1382/926
f 1137/1395/917 1120/1492/866 1121/1396/866
f 1143/1395/927 1142/1492/933 1118/1396/928
f 1128/1393/929 1140/1398/855 1130/1382/855
f 1135/1384/930 1144/1383/930 1143/1395/927
f 1130/1382/855 1140/1398/855 1144/1383/930
f 1146/1395/927 1147/1492/933 1171/1396/933
f 1153/1383/860 1152/1395/917 1167/1391/917
f 1165/1383/919 1163/1395/855 1164/1391/855
f 1147/1393/881 1150/1398/926 1172/1382/927
f 1172/1382/927 1150/1398/926 1153/1383/860
f 1161/1393/934 1149/1398/855 1159/1382/855
f 1166/1483/794 1164/1484/983 1162/1385/794
f 1162/1385/794 1159/1485/814 1154/1486/814
f 1154/1486/814 1156/1487/814 1171/1386/794
f 1171/1386/794 1172/1488/794 1155/1489/794
f 1155/1489/794 1167/1490/794 1168/1387/794
f 1168/1387/794 1158/1491/794 1162/1385/794
f 1158/1491/794 1166/1483/794 1162/1385/794
f 1162/1385/794 1154/1486/814 1171/1386/794
f 1171/1386/794 1155/1489/794 1168/1387/794
f 1152/1395/917 1169/1492/866 1168/1396/866
f 1145/1383/930 1146/1395/927 1156/1391/927
f 1163/1395/855 1161/1492/925 1162/1396/925
f 1159/1382/855 1149/1398/855 1145/1383/930
f 1168/1394/924 1169/1393/924 1157/1398/917
f 1158/1382/917 1157/1398/917 1165/1383/919
f 1176/1405/855 1178/1410/930 1177/1406/930
f 1178/1410/930 1180/1427/926 1179/1411/926
f 1179/1411/926 1180/1427/926 1182/1415/860
f 1182/1415/860 1184/1423/917 1183/1419/917
f 1184/1423/917 1186/1425/919 1185/1424/919
f 1186/1425/919 1176/1493/855 1175/1426/855
f 1201/1382/949 1193/1384/955 1194/1383/950
f 1197/1385/794 1195/1484/794 1191/1387/794
f 1195/1484/794 1193/1483/794 1191/1387/794
f 1193/1483/794 1201/1491/794 1191/1387/794
f 1191/1387/794 1192/1490/794 1188/1386/794
f 1192/1490/794 1204/1489/794 1188/1386/794
f 1204/1489/794 1187/1488/794 1188/1386/794
f 1188/1386/794 1203/1487/794 1205/1486/794
f 1205/1486/794 1200/1485/794 1188/1386/794
f 1200/1485/794 1197/1385/794 1188/1386/794
f 1195/1391/845 1196/1395/845 1194/1383/950
f 1201/1382/949 1202/1398/951 1190/1393/957
f 1197/1396/958 1198/1492/958 1196/1395/845
f 1187/1382/959 1204/1384/839 1206/1383/839
f 1192/1391/949 1207/1395/951 1206/1383/839
f 1187/1382/959 1209/1398/959 1212/1393/852
f 1191/1396/893 1190/1492/893 1207/1395/951
f 1188/1396/960 1212/1492/960 1213/1395/959
f 1200/1382/845 1210/1398/845 1198/1393/961
f 1203/1391/959 1213/1395/959 1214/1383/962
f 1200/1382/845 1205/1384/963 1214/1383/962
f 1241/1396/960 1217/1492/960 1216/1395/959
f 1237/1391/949 1222/1395/951 1223/1383/839
f 1234/1391/845 1233/1395/845 1235/1383/950
f 1242/1382/967 1220/1398/959 1217/1393/852
f 1242/1382/967 1225/1384/839 1223/1383/839
f 1229/1382/845 1219/1398/845 1231/1393/961
f 1232/1385/794 1234/1484/794 1236/1483/794
f 1236/1483/794 1228/1491/794 1232/1385/794
f 1228/1491/794 1238/1387/794 1232/1385/794
f 1238/1387/794 1237/1490/794 1225/1489/794
f 1225/1489/794 1242/1488/814 1241/1386/794
f 1241/1386/794 1226/1487/814 1224/1486/794
f 1224/1486/794 1229/1485/814 1232/1385/794
f 1238/1387/794 1225/1489/794 1241/1386/794
f 1241/1386/794 1224/1486/794 1232/1385/794
f 1238/1396/893 1239/1492/893 1222/1395/951
f 1226/1391/964 1216/1395/959 1215/1383/962
f 1232/1396/958 1231/1492/958 1233/1395/845
f 1229/1382/845 1224/1384/962 1215/1383/962
f 1228/1382/951 1227/1398/949 1239/1393/957
f 1228/1382/951 1236/1384/966 1235/1383/950
f 1247/1406/962 1248/1410/962 1246/1405/845
f 1249/1411/967 1250/1427/967 1248/1410/962
f 1249/1411/967 1251/1416/839 1252/1415/839
f 1253/1419/951 1254/1423/951 1252/1415/839
f 1255/1424/966 1256/1425/966 1254/1423/951
f 1245/1426/845 1246/1493/845 1256/1425/966
f 1260/1428/794 1264/1494/794 1263/1429/794
f 1258/1431/788 1260/1437/788 1259/1432/788
f 1262/1434/802 1258/1495/802 1257/1435/802
f 1264/1437/787 1262/1431/787 1261/1433/787
f 1263/1438/786 1261/1459/786 1257/1439/786
f 1267/1441/786 1268/1496/786 1266/1442/786
f 1269/1444/788 1271/1497/788 1265/1445/788
f 1272/1447/794 1267/1498/794 1265/1448/794
f 1267/1445/787 1272/1497/787 1270/1444/787
f 1272/1450/790 1271/1499/790 1269/1451/790
f 1270/1453/802 1269/1500/802 1266/1454/802
f 1264/1456/790 1260/1460/790 1258/1457/790
f 1279/1429/794 1280/1494/794 1276/1428/794
f 1275/1432/787 1276/1437/787 1274/1431/787
f 1273/1435/802 1274/1495/802 1278/1434/802
f 1277/1433/788 1278/1431/788 1280/1437/788
f 1275/1440/786 1273/1439/786 1277/1459/786
f 1282/1442/802 1284/1496/802 1283/1441/802
f 1281/1445/787 1287/1497/787 1285/1444/787
f 1281/1448/786 1283/1498/786 1288/1447/786
f 1286/1444/788 1288/1497/788 1283/1445/788
f 1285/1451/794 1287/1499/794 1288/1450/794
f 1282/1454/790 1285/1500/790 1286/1453/790
f 1278/1458/790 1274/1457/790 1276/1460/790
f 1303/1501/786 1301/1502/786 1298/1503/786
f 1289/1504/984 1307/1505/984 1290/1506/984
f 1309/1507/788 1291/1508/788 1301/1509/788
f 1290/1510/787 1307/1511/787 1298/1512/787
f 1301/1513/985 1300/1514/985 1298/1515/985
f 1294/1516/986 1293/1517/986 1292/1518/986
f 1296/1517/987 1297/1516/987 1295/1519/987
f 1294/1520/988 1304/1521/988 1305/1522/988
f 1292/1523/989 1297/1524/989 1294/1520/989
f 1328/1525/984 1313/1526/984 1311/1527/984
f 1299/1528/794 1289/1529/794 1300/1530/794
f 1302/1531/990 1308/1532/990 1310/1533/990
f 1293/1534/991 1304/1535/991 1296/1536/991
f 1309/1537/992 1310/1538/992 1308/1539/992
f 1325/1501/786 1323/1502/786 1324/1540/786
f 1329/1505/993 1311/1504/993 1312/1506/993
f 1323/1509/787 1321/1541/787 1313/1508/787
f 1312/1510/788 1322/1542/788 1320/1512/788
f 1322/1514/985 1323/1513/985 1320/1515/985
f 1315/1517/994 1316/1516/994 1314/1518/994
f 1319/1516/995 1318/1517/995 1317/1519/995
f 1326/1521/996 1316/1520/988 1327/1522/996
f 1319/1524/989 1314/1523/989 1316/1520/989
f 1322/1530/794 1311/1529/794 1321/1528/794
f 1330/1532/997 1324/1531/997 1332/1533/997
f 1315/1534/991 1326/1535/991 1327/1543/991
f 1330/1539/998 1331/1537/998 1328/1544/998
f 1360/1545/788 1351/1546/788 1353/1547/788
f 1357/1548/788 1358/1549/788 1338/1550/788
f 1345/1551/788 1346/1552/788 1348/1553/788
f 1336/1554/786 1358/1549/786 1339/1555/786
f 1343/1556/790 1334/1557/790 1342/1558/790
f 1347/1559/790 1348/1560/790 1346/1561/790
f 1342/1562/999 1346/1563/999 1343/1564/999
f 1345/1565/1000 1349/1566/1000 1344/1567/1000
f 1352/1568/790 1335/1569/790 1361/1570/790
f 1334/1571/1001 1357/1572/1001 1336/1573/1001
f 1361/1574/802 1357/1575/802 1337/1576/802
f 1356/1577/794 1355/1578/794 1333/1579/794
f 1356/1580/1002 1339/1555/1002 1358/1549/1002
f 1359/1581/786 1356/1577/786 1357/1582/786
f 1345/1583/790 1333/1584/790 1354/1585/790
f 1306/1525/993 1291/1526/993 1309/1586/993
f 1359/1548/787 1368/1549/787 1355/1587/787
f 1354/1551/787 1364/1552/787 1352/1588/787
f 1360/1554/786 1368/1549/786 1362/1550/786
f 1366/1560/790 1365/1559/790 1364/1561/790
f 1364/1563/1003 1351/1562/1003 1352/1564/1003
f 1367/1566/1000 1354/1565/1000 1353/1567/1000
f 1363/1555/1002 1355/1580/1002 1368/1549/1002
f 1359/1572/1004 1361/1589/1004 1335/1571/1004
f 1344/1547/787 1347/1590/787 1342/1546/787
f 1303/1501/786 1302/1540/786 1301/1502/786
f 1289/1504/984 1306/1591/984 1307/1505/984
f 1299/1541/788 1301/1509/788 1291/1508/788
f 1301/1509/788 1302/1592/788 1309/1507/788
f 1302/1592/788 1310/1593/788 1309/1507/788
f 1308/1594/787 1303/1595/787 1307/1511/787
f 1303/1595/787 1298/1512/787 1307/1511/787
f 1298/1512/787 1300/1542/787 1290/1510/787
f 1301/1513/985 1299/1596/985 1300/1514/985
f 1294/1516/986 1305/1597/986 1293/1517/986
f 1296/1517/987 1304/1598/987 1297/1516/987
f 1294/1520/988 1297/1524/988 1304/1521/988
f 1292/1523/989 1295/1599/989 1297/1524/989
f 1328/1525/984 1331/1586/984 1313/1526/984
f 1291/1600/794 1289/1529/794 1299/1528/794
f 1289/1529/794 1290/1601/794 1300/1530/794
f 1302/1531/990 1303/1602/990 1308/1532/990
f 1293/1534/991 1305/1543/991 1304/1535/991
f 1308/1539/992 1307/1603/992 1306/1544/992
f 1306/1544/992 1309/1537/992 1308/1539/992
f 1325/1501/786 1320/1503/786 1323/1502/786
f 1329/1505/993 1328/1591/993 1311/1504/993
f 1313/1508/787 1331/1507/787 1323/1509/787
f 1331/1507/787 1332/1593/787 1324/1592/787
f 1323/1509/787 1331/1507/787 1324/1592/787
f 1320/1512/788 1325/1595/788 1329/1511/788
f 1325/1595/788 1330/1594/788 1329/1511/788
f 1329/1511/788 1312/1510/788 1320/1512/788
f 1322/1514/985 1321/1596/985 1323/1513/985
f 1315/1517/994 1327/1597/994 1316/1516/994
f 1319/1516/995 1326/1598/995 1318/1517/995
f 1326/1521/996 1319/1524/988 1316/1520/988
f 1319/1524/1005 1317/1599/1005 1314/1523/1005
f 1312/1601/794 1311/1529/794 1322/1530/794
f 1311/1529/794 1313/1600/794 1321/1528/794
f 1330/1532/997 1325/1602/997 1324/1531/997
f 1315/1534/991 1318/1536/991 1326/1535/991
f 1328/1544/998 1329/1603/998 1330/1539/998
f 1330/1539/998 1332/1538/998 1331/1537/998
f 1333/1604/788 1341/1605/788 1353/1547/788
f 1341/1605/788 1363/1606/788 1353/1547/788
f 1363/1606/788 1360/1545/788 1353/1547/788
f 1360/1545/788 1335/1607/788 1351/1546/788
f 1351/1546/788 1365/1590/788 1353/1547/788
f 1365/1590/788 1367/1608/788 1353/1547/788
f 1357/1548/788 1356/1587/788 1358/1549/788
f 1345/1551/788 1343/1588/788 1346/1552/788
f 1336/1554/786 1338/1550/786 1358/1549/786
f 1343/1556/790 1337/1609/790 1334/1557/790
f 1347/1559/790 1349/1610/790 1348/1560/790
f 1342/1562/999 1347/1611/999 1346/1563/999
f 1345/1565/1000 1348/1612/1000 1349/1566/1000
f 1352/1568/790 1351/1613/790 1335/1569/790
f 1337/1589/1001 1357/1572/1001 1334/1571/1001
f 1357/1572/1001 1338/1614/1001 1336/1573/1001
f 1361/1574/802 1359/1615/802 1357/1575/802
f 1355/1578/794 1341/1616/794 1333/1579/794
f 1333/1579/794 1350/1617/794 1356/1577/794
f 1350/1617/794 1340/1618/794 1356/1577/794
f 1356/1580/1002 1340/1619/1002 1339/1555/1002
f 1359/1581/786 1355/1578/786 1356/1577/786
f 1344/1620/790 1350/1621/790 1345/1583/790
f 1350/1621/790 1333/1584/790 1345/1583/790
f 1333/1584/790 1353/1622/790 1354/1585/790
f 1354/1585/790 1352/1568/790 1345/1583/790
f 1352/1568/790 1361/1570/790 1343/1556/790
f 1345/1583/790 1352/1568/790 1343/1556/790
f 1361/1570/790 1337/1609/790 1343/1556/790
f 1306/1525/993 1289/1527/993 1291/1526/993
f 1359/1548/787 1362/1550/787 1368/1549/787
f 1354/1551/787 1366/1553/787 1364/1552/787
f 1360/1554/786 1363/1555/786 1368/1549/786
f 1366/1560/790 1367/1610/790 1365/1559/790
f 1364/1563/1003 1365/1611/1003 1351/1562/1003
f 1367/1566/1000 1366/1612/1000 1354/1565/1000
f 1363/1555/1002 1341/1619/1002 1355/1580/1002
f 1335/1571/1004 1360/1573/1004 1359/1572/1004
f 1360/1573/1004 1362/1614/1004 1359/1572/1004
f 1334/1607/787 1336/1545/787 1342/1546/787
f 1336/1545/787 1339/1606/787 1344/1547/787
f 1342/1546/787 1336/1545/787 1344/1547/787
f 1339/1606/787 1340/1605/787 1344/1547/787
f 1340/1605/787 1350/1604/787 1344/1547/787
f 1344/1547/787 1349/1608/787 1347/1590/787
f 1370/1623/1006 1371/1624/1006 1375/1625/1006
f 1372/1626/1007 1375/1627/1007 1373/1628/1007
f 1376/1626/1008 1371/1627/1008 1374/1629/1008
f 1373/1630/1009 1371/1631/1009 1369/1632/1009
f 1374/1633/1010 1372/1634/1010 1376/1635/1010
f 1376/1636/1011 1373/1637/1011 1369/1638/1011
f 1379/1624/1012 1378/1623/1012 1383/1625/1012
f 1383/1627/1013 1380/1626/1013 1381/1628/1013
f 1384/1626/1014 1379/1627/1014 1377/1628/1014
f 1377/1632/1015 1383/1639/1015 1381/1630/1015
f 1384/1635/1016 1378/1640/1016 1382/1633/1016
f 1380/1641/1017 1377/1638/1017 1381/1637/1017
f 1395/1642/1018 1394/1643/1018 1393/1644/1018
f 1389/1645/1018 1391/1646/1018 1386/1647/1018
f 1394/1648/1019 1399/1649/1019 1400/1650/1019
f 1403/1651/1020 1385/1652/1020 1388/1653/1020
f 1392/1654/1021 1393/1655/1021 1391/1656/1021
f 1391/1657/1014 1393/1658/1014 1401/1659/1014
f 1390/1660/1022 1386/1661/1022 1387/1662/1022
f 1398/1663/1023 1388/1664/1023 1385/1665/1023
f 1400/1666/1024 1397/1667/1024 1398/1668/1024
f 1390/1669/1020 1402/1670/1020 1404/1671/1020
f 1403/1672/1025 1402/1673/1025 1401/1674/1025
f 1405/1675/1026 1408/1676/1027 1407/1677/1027
f 1411/1678/1028 1410/1679/1028 1409/1680/1028
f 1410/1681/1020 1408/1682/1020 1406/1683/1020
f 1407/1684/1018 1409/1685/1018 1405/1686/1018
f 1408/1676/1029 1411/1678/1029 1407/1677/1029
f 1420/1687/1007 1423/1688/1007 1431/1689/1007
f 1427/1690/1030 1422/1691/1031 1428/1692/1030
f 1429/1693/1032 1416/1694/1032 1413/1695/1032
f 1415/1696/1033 1417/1697/1033 1418/1698/1033
f 1429/1699/1008 1413/1700/1008 1428/1701/1008
f 1419/1702/1034 1417/1703/1034 1414/1704/1034
f 1422/1705/1034 1423/1706/1034 1421/1707/1034
f 1421/1708/1035 1420/1709/1035 1419/1710/1035
f 1416/1711/1036 1426/1712/1036 1413/1713/1036
f 1425/1714/1037 1428/1715/1030 1426/1716/1037
f 1432/1717/1032 1415/1718/1032 1418/1719/1032
f 1431/1720/1038 1430/1721/1038 1432/1722/1038
f 1433/1723/1039 1436/1724/1039 1434/1725/1039
f 1438/1726/1040 1439/1727/1040 1437/1728/1040
f 1436/1729/1032 1438/1730/1032 1434/1731/1032
f 1435/1732/1034 1437/1733/1034 1439/1734/1034
f 1436/1724/1041 1439/1727/1041 1440/1735/1041
f 1441/1736/1042 1448/1737/802 1442/1738/1043
f 1442/1739/1044 1468/1740/787 1467/1741/1044
f 1442/1738/1043 1448/1737/802 1443/1742/1045
f 1443/1743/787 1469/1744/1046 1468/1740/787
f 1443/1742/1045 1448/1737/802 1444/1745/1047
f 1444/1746/1046 1470/1747/786 1469/1744/1046
f 1444/1745/1047 1448/1737/802 1445/1748/1048
f 1445/1749/786 1471/1750/1049 1470/1751/786
f 1445/1752/1048 1448/1737/802 1446/1753/1050
f 1446/1754/1049 1472/1755/788 1471/1750/1049
f 1446/1753/1050 1448/1737/802 1447/1756/1051
f 1447/1757/788 1473/1758/1052 1472/1755/788
f 1447/1756/1051 1448/1737/802 1449/1759/1053
f 1473/1758/1052 1441/1760/790 1466/1761/790
f 1449/1759/1053 1448/1737/802 1441/1736/1042
f 1461/1762/1054 1452/1763/1054 1458/1764/1054
f 1462/1765/1055 1457/1766/1055 1465/1767/1055
f 1461/1768/787 1457/1769/787 1453/1770/787
f 1457/1771/786 1452/1772/786 1453/1773/786
f 1454/1774/1056 1451/1775/1056 1450/1776/1056
f 1455/1777/787 1460/1778/787 1451/1779/787
f 1463/1780/1057 1455/1781/1057 1454/1782/1057
f 1451/1783/1058 1459/1784/1058 1450/1785/1058
f 1468/1786/1059 1469/1787/1060 1474/1788/794
f 1441/1760/790 1467/1741/1044 1466/1761/790
f 1466/1789/1061 1467/1790/1062 1474/1788/794
f 1473/1791/1063 1466/1789/1061 1474/1788/794
f 1471/1792/1064 1472/1793/1065 1474/1788/794
f 1469/1787/1060 1470/1794/1066 1474/1788/794
f 1467/1790/1062 1468/1786/1059 1474/1788/794
f 1472/1793/1065 1473/1791/1063 1474/1788/794
f 1470/1795/1066 1471/1792/1064 1474/1788/794
f 1452/1770/788 1462/1796/788 1458/1768/788
f 1459/1778/788 1454/1777/788 1450/1779/788
f 1483/1797/802 1515/1798/802 1489/1799/838
f 1501/1800/1067 1505/1801/1067 1499/1802/1067
f 1484/1803/787 1513/1804/787 1495/1805/787
f 1496/1806/786 1477/1807/786 1475/1808/786
f 1492/1809/790 1503/1810/790 1478/1811/790
f 1485/1812/1068 1484/1813/1068 1487/1814/1068
f 1479/1815/786 1489/1816/786 1493/1817/786
f 1482/1818/794 1486/1819/794 1485/1820/794
f 1500/1821/802 1498/1822/802 1504/1823/802
f 1480/1824/790 1494/1825/790 1490/1826/790
f 1477/1827/794 1492/1828/794 1478/1829/794
f 1501/1830/786 1507/1831/786 1506/1832/786
f 1508/1833/787 1506/1834/787 1507/1835/787
f 1504/1836/1069 1499/1837/1069 1505/1838/1069
f 1491/1839/790 1515/1840/790 1497/1841/790
f 1491/1842/1070 1482/1843/1071 1481/1844/1070
f 1508/1845/794 1507/1846/794 1501/1847/794
f 1487/1848/1072 1512/1849/1072 1511/1850/1072
f 1492/1851/787 1495/1805/787 1510/1852/787
f 1476/1853/802 1493/1854/802 1494/1855/802
f 1511/1856/794 1496/1857/794 1475/1858/794
f 1497/1859/787 1483/1860/787 1479/1861/787
f 1513/1862/802 1490/1863/802 1514/1864/802
f 1500/1821/802 1510/1865/802 1509/1866/802
f 1518/1867/802 1517/1868/802 1519/1869/802
f 1510/1870/786 1517/1871/786 1509/1872/786
f 1514/1873/790 1518/1874/790 1513/1875/790
f 1523/1876/794 1526/1877/794 1522/1878/794
f 1527/1879/787 1524/1880/787 1526/1881/787
f 1525/1882/802 1520/1883/802 1524/1884/802
f 1534/1885/1073 1531/1886/1074 1530/1887/1073
f 1532/1888/1075 1529/1889/1076 1528/1890/1075
f 1531/1886/1074 1532/1891/1075 1528/1892/1075
f 1529/1889/1076 1534/1885/1073 1530/1887/1073
f 1533/1893/1077 1536/1894/790 1534/1895/1078
f 1534/1895/1078 1536/1894/790 1535/1896/1079
f 1535/1896/1079 1536/1894/790 1532/1897/1080
f 1532/1898/1080 1536/1894/790 1533/1893/1077
f 1514/1804/788 1509/1852/788 1516/1899/788
f 1538/1834/788 1503/1833/788 1502/1835/788
f 1478/1851/788 1538/1834/788 1500/1900/788
f 1485/1901/788 1494/1902/788 1493/1861/788
f 1520/1880/788 1523/1879/788 1522/1881/788
f 1501/1800/1081 1537/1801/1081 1538/1903/1081
f 1501/1830/786 1538/1832/786 1502/1831/786
f 1500/1836/1082 1499/1837/1082 1498/1904/1082
f 1540/1905/790 1542/1906/790 1541/1907/790
f 1539/1908/1083 1542/1909/1083 1543/1910/1083
f 1546/1911/787 1541/1912/787 1539/1913/787
f 1555/1914/1084 1564/1915/1084 1554/1916/1084
f 1549/1917/1085 1557/1918/1085 1548/1919/1085
f 1546/1920/1086 1545/1921/1086 1544/1922/1086
f 1556/1923/1087 1554/1924/1087 1557/1925/1087
f 1553/1926/1088 1550/1927/1088 1551/1928/1088
f 1548/1929/1089 1552/1930/1089 1549/1931/1089
f 1565/1932/786 1551/1933/786 1564/1934/786
f 1561/1935/1090 1558/1936/1090 1560/1937/1090
f 1559/1938/1091 1560/1939/1091 1558/1940/1091
f 1563/1941/786 1558/1940/786 1562/1942/786
f 1563/1941/1092 1562/1942/1092 1561/1943/1092
f 1557/1944/787 1551/1945/787 1548/1946/787
f 1569/1947/794 1572/1948/794 1568/1949/794
f 1573/1950/787 1570/1951/787 1572/1952/787
f 1571/1953/802 1566/1954/802 1570/1955/802
f 1572/1956/786 1566/1957/786 1568/1958/786
f 1569/1959/790 1571/1960/790 1573/1961/790
f 1542/1909/1093 1574/1908/1093 1543/1910/1093
f 1540/1912/788 1547/1911/788 1574/1913/788
f 1559/1936/1094 1561/1935/1094 1560/1937/1094
f 1553/1945/788 1565/1962/788 1556/1944/788
f 1566/1951/788 1569/1950/788 1568/1952/788
f 1403/1659/1013 1388/1963/1095 1399/1964/1095
f 1370/1623/1006 1374/1965/1006 1371/1624/1006
f 1372/1626/1007 1370/1629/1007 1375/1627/1007
f 1376/1626/1008 1369/1628/1008 1371/1627/1008
f 1373/1630/1009 1375/1639/1009 1371/1631/1009
f 1374/1633/1010 1370/1640/1010 1372/1634/1010
f 1376/1636/1011 1372/1641/1011 1373/1637/1011
f 1379/1624/1012 1382/1965/1012 1378/1623/1012
f 1383/1627/1013 1378/1629/1013 1380/1626/1013
f 1384/1626/1014 1382/1629/1014 1379/1627/1014
f 1377/1632/1015 1379/1631/1015 1383/1639/1015
f 1384/1635/1016 1380/1634/1016 1378/1640/1016
f 1380/1641/1017 1384/1636/1017 1377/1638/1017
f 1395/1642/1018 1396/1966/1018 1394/1643/1018
f 1389/1645/1018 1392/1967/1018 1391/1646/1018
f 1394/1648/1019 1396/1968/1019 1399/1649/1019
f 1403/1651/1020 1401/1969/1020 1385/1652/1020
f 1392/1654/1021 1395/1970/1021 1393/1655/1021
f 1398/1971/1096 1385/1963/1096 1400/1964/1096
f 1385/1963/1096 1401/1659/1014 1400/1964/1096
f 1402/1972/1014 1387/1973/1014 1386/1974/1014
f 1401/1659/1014 1402/1972/1014 1391/1657/1014
f 1400/1964/1096 1401/1659/1014 1393/1658/1014
f 1393/1658/1014 1394/1975/1014 1400/1964/1096
f 1402/1972/1014 1386/1974/1014 1391/1657/1014
f 1390/1660/1022 1389/1976/1022 1386/1661/1022
f 1398/1663/1023 1397/1977/1023 1388/1664/1023
f 1400/1666/1024 1399/1978/1024 1397/1667/1024
f 1390/1669/1020 1387/1979/1020 1402/1670/1020
f 1403/1672/1025 1404/1980/1025 1402/1673/1025
f 1405/1675/1026 1406/1981/1026 1408/1676/1027
f 1411/1678/1028 1412/1982/1097 1410/1679/1028
f 1410/1681/1020 1412/1983/1020 1408/1682/1020
f 1407/1684/1018 1411/1984/1018 1409/1685/1018
f 1408/1676/1029 1412/1982/1029 1411/1678/1029
f 1425/1985/1007 1416/1986/1007 1427/1987/1007
f 1416/1986/1007 1431/1689/1007 1427/1987/1007
f 1432/1988/1007 1418/1989/1007 1417/1990/1007
f 1431/1689/1007 1432/1988/1007 1420/1687/1007
f 1427/1987/1007 1431/1689/1007 1423/1688/1007
f 1423/1688/1007 1424/1991/1098 1427/1987/1007
f 1432/1988/1007 1417/1990/1007 1420/1687/1007
f 1427/1690/1030 1424/1992/1031 1422/1691/1031
f 1429/1693/1032 1431/1993/1032 1416/1694/1032
f 1415/1696/1033 1414/1994/1033 1417/1697/1033
f 1428/1701/1008 1422/1995/1008 1421/1996/1008
f 1419/1997/1008 1414/1998/1008 1430/1999/1008
f 1414/1998/1008 1415/2000/1008 1430/1999/1008
f 1428/1701/1008 1421/1996/1008 1429/1699/1008
f 1421/1996/1008 1419/1997/1008 1429/1699/1008
f 1413/1700/1008 1426/2001/1008 1428/1701/1008
f 1430/1999/1008 1429/1699/1008 1419/1997/1008
f 1419/1702/1034 1420/2002/1034 1417/1703/1034
f 1422/1705/1034 1424/2003/1034 1423/1706/1034
f 1421/1708/1035 1423/2004/1035 1420/1709/1035
f 1416/1711/1036 1425/2005/1036 1426/1712/1036
f 1425/1714/1037 1427/2006/1030 1428/1715/1030
f 1432/1717/1032 1430/2007/1032 1415/1718/1032
f 1431/1720/1038 1429/2008/1038 1430/1721/1038
f 1433/1723/1039 1435/2009/1039 1436/1724/1039
f 1438/1726/1040 1440/1735/1040 1439/1727/1040
f 1436/1729/1032 1440/2010/1032 1438/1730/1032
f 1435/1732/1034 1433/2011/1034 1437/1733/1034
f 1436/1724/1041 1435/2009/1041 1439/1727/1041
f 1442/1739/1044 1443/1743/787 1468/1740/787
f 1443/1743/787 1444/1746/1046 1469/1744/1046
f 1444/1746/1046 1445/2012/786 1470/1747/786
f 1445/1749/786 1446/1754/1049 1471/1750/1049
f 1446/1754/1049 1447/1757/788 1472/1755/788
f 1447/1757/788 1449/2013/1052 1473/1758/1052
f 1473/1758/1052 1449/2013/1052 1441/1760/790
f 1461/1762/1054 1453/2014/1054 1452/1763/1054
f 1462/1765/1055 1456/2015/1055 1457/1766/1055
f 1461/1768/787 1465/1796/787 1457/1769/787
f 1457/1771/786 1456/2016/786 1452/1772/786
f 1454/1774/1056 1455/2017/1056 1451/1775/1056
f 1455/1777/787 1464/2018/787 1460/1778/787
f 1463/1780/1057 1464/2019/1057 1455/1781/1057
f 1451/1783/1058 1460/2020/1058 1459/1784/1058
f 1441/1760/790 1442/1739/1044 1467/1741/1044
f 1452/1770/788 1456/1769/788 1462/1796/788
f 1459/1778/788 1463/2018/788 1454/1777/788
f 1483/1797/802 1497/2021/802 1515/1798/802
f 1501/1800/1067 1506/1903/1067 1505/1801/1067
f 1513/1804/787 1518/1899/787 1519/2022/787
f 1510/1852/787 1495/1805/787 1513/1804/787
f 1495/1805/787 1496/2023/787 1512/2024/787
f 1513/1804/787 1519/2022/787 1510/1852/787
f 1512/2024/787 1484/1803/787 1495/1805/787
f 1496/1806/786 1495/2025/786 1477/1807/786
f 1492/1809/790 1508/2026/790 1503/1810/790
f 1485/1812/1068 1486/2027/1068 1484/1813/1068
f 1479/1815/786 1483/2028/786 1489/1816/786
f 1482/1818/794 1488/2029/794 1486/1819/794
f 1480/1824/790 1476/2030/790 1494/1825/790
f 1477/1827/794 1495/2031/794 1492/1828/794
f 1508/1833/787 1492/1851/787 1506/1834/787
f 1504/1836/1069 1498/1904/1069 1499/1837/1069
f 1491/1839/790 1481/2032/790 1515/1840/790
f 1491/1842/1070 1488/2033/1071 1482/1843/1071
f 1501/1847/794 1502/2034/794 1503/2035/794
f 1503/2035/794 1508/1845/794 1501/1847/794
f 1487/1848/1072 1484/2036/1072 1512/1849/1072
f 1510/1852/787 1504/1900/787 1492/1851/787
f 1504/1900/787 1505/2037/787 1506/1834/787
f 1492/1851/787 1504/1900/787 1506/1834/787
f 1476/1853/802 1479/2038/802 1493/1854/802
f 1511/1856/794 1512/2039/794 1496/1857/794
f 1480/2040/787 1513/1804/787 1476/1902/787
f 1513/1804/787 1484/1803/787 1476/1902/787
f 1484/1803/787 1486/1901/787 1476/1902/787
f 1486/1901/787 1488/2041/787 1479/1861/787
f 1476/1902/787 1486/1901/787 1479/1861/787
f 1488/2041/787 1491/2042/787 1479/1861/787
f 1491/2042/787 1497/1859/787 1479/1861/787
f 1513/1862/802 1480/2043/802 1490/1863/802
f 1500/1821/802 1504/1823/802 1510/1865/802
f 1518/1867/802 1516/2044/802 1517/1868/802
f 1510/1870/786 1519/2045/786 1517/1871/786
f 1514/1873/790 1516/2046/790 1518/1874/790
f 1523/1876/794 1527/2047/794 1526/1877/794
f 1527/1879/787 1525/2048/787 1524/1880/787
f 1525/1882/802 1521/2049/802 1520/1883/802
f 1534/1885/1073 1535/2050/1074 1531/1886/1074
f 1532/1888/1075 1533/2051/1076 1529/1889/1076
f 1531/1886/1074 1535/2050/1074 1532/1891/1075
f 1529/1889/1076 1533/2051/1076 1534/1885/1073
f 1514/1804/788 1487/1803/788 1477/1805/788
f 1487/1803/788 1511/2024/788 1477/1805/788
f 1511/2024/788 1475/2023/788 1477/1805/788
f 1509/1852/788 1517/2022/788 1516/1899/788
f 1477/1805/788 1509/1852/788 1514/1804/788
f 1538/1834/788 1478/1851/788 1503/1833/788
f 1537/2037/788 1500/1900/788 1538/1834/788
f 1500/1900/788 1509/1852/788 1478/1851/788
f 1509/1852/788 1477/1805/788 1478/1851/788
f 1487/1803/788 1514/1804/788 1490/2040/788
f 1487/1803/788 1490/2040/788 1494/1902/788
f 1482/2041/788 1485/1901/788 1493/1861/788
f 1485/1901/788 1487/1803/788 1494/1902/788
f 1515/1859/788 1481/2052/788 1493/1861/788
f 1481/2052/788 1482/2041/788 1493/1861/788
f 1493/1861/788 1489/1860/788 1515/1859/788
f 1520/1880/788 1521/2048/788 1523/1879/788
f 1501/1800/1081 1499/1802/1081 1537/1801/1081
f 1500/1836/1082 1537/1838/1082 1499/1837/1082
f 1541/1907/790 1544/2053/790 1545/2054/790
f 1545/2054/790 1540/1905/790 1541/1907/790
f 1539/1908/1083 1541/2055/1083 1542/1909/1083
f 1546/1911/787 1544/2056/787 1541/1912/787
f 1555/1914/1084 1565/2057/1084 1564/1915/1084
f 1549/1917/1085 1556/2058/1085 1557/1918/1085
f 1546/1920/1086 1547/2059/1086 1545/1921/1086
f 1556/1923/1087 1555/2060/1087 1554/1924/1087
f 1553/1926/1088 1552/2061/1088 1550/1927/1088
f 1548/1929/1089 1550/2062/1089 1552/1930/1089
f 1565/1932/786 1553/2063/786 1551/1933/786
f 1561/1935/1090 1562/2064/1090 1558/1936/1090
f 1563/1941/786 1559/1938/786 1558/1940/786
f 1557/1944/787 1554/2065/787 1564/1962/787
f 1564/1962/787 1551/1945/787 1557/1944/787
f 1551/1945/787 1550/2066/787 1548/1946/787
f 1569/1947/794 1573/2067/794 1572/1948/794
f 1573/1950/787 1571/2068/787 1570/1951/787
f 1571/1953/802 1567/2069/802 1566/1954/802
f 1572/1956/786 1570/2070/786 1566/1957/786
f 1569/1959/790 1567/2071/790 1571/1960/790
f 1542/1909/1093 1540/2055/1093 1574/1908/1093
f 1540/1912/788 1545/2056/788 1547/1911/788
f 1559/1936/1094 1563/2064/1094 1561/1935/1094
f 1565/1962/788 1555/2065/788 1556/1944/788
f 1556/1944/788 1549/1946/788 1553/1945/788
f 1549/1946/788 1552/2066/788 1553/1945/788
f 1566/1951/788 1567/2068/788 1569/1950/788
f 1399/1964/1095 1396/1975/1013 1395/1658/1095
f 1392/1657/1013 1389/1974/1013 1404/1972/1013
f 1389/1974/1013 1390/1973/1013 1404/1972/1013
f 1399/1964/1095 1395/1658/1095 1403/1659/1013
f 1395/1658/1095 1392/1657/1013 1403/1659/1013
f 1388/1963/1095 1397/1971/1095 1399/1964/1095
f 1404/1972/1013 1403/1659/1013 1392/1657/1013
o オオトリビーム
v -0.344522 1.863544 0.021760
v -0.342894 1.863874 0.021216
v -0.343094 1.862398 0.022532
v -0.344323 1.865020 0.020444
v -0.330653 1.939973 0.109614
v -0.329025 1.940303 0.109069
v -0.329224 1.938827 0.110385
v -0.330454 1.941449 0.108298
vn 0.3444 -0.7346 0.5847
vn 0.9313 0.1889 -0.3114
vn 0.3444 -0.7345 0.5846
vn -0.3445 0.7345 -0.5846
vn -0.3444 0.7345 -0.5846
vn -0.9313 -0.1889 0.3113
vt 1.000000 1.000000
vt 1.000000 0.500000
vt 1.000000 0.000000
s 1
usemtl BEAM
f 1577/2072/1099 1576/2073/1100 1580/2073/1100 1581/2072/1101
f 1576/2073/1100 1578/2074/1102 1582/2074/1103 1580/2073/1100
f 1575/2073/1104 1579/2073/1104 1582/2074/1103 1578/2074/1102
f 1577/2072/1099 1581/2072/1101 1579/2073/1104 1575/2073/1104
